trial_id,eval/NHD,eval/SHD,eval/TPR,eval/FDR,eval/PPV,eval/F1,eval/ACC,eval/FPR,eval/dagness,eval/roc_auc,eval/time,eval/priority_l2_norm,eval/priority_diff_mean,eval/priority_diff_std,exp/iter,dset/nodes,dset/samples,hparam/threshold,hparam/force_dag,hparam/batch_size,hparam/max_epochs,hparam/early_stop,hparam/learning_rate,hparam/adj_reg,hparam/priority_reg,hparam/init_temperature,hparam/temperature,hparam/shift,hparam/hard_threshold,hparam/symmetric,time_this_iter_s,done,timesteps_total,episodes_total,training_iteration,experiment_id,date,timestamp,time_total_s,pid,hostname,node_ip,time_since_restore,timesteps_since_restore,iterations_since_restore,warmup_time,experiment_tag,config/threshold,config/force_dag,config/batch_size,config/max_epochs,config/early_stop,config/learning_rate,config/adj_reg,config/priority_reg,config/hidden_size,config/init_temperature,config/temperature,config/shift,config/hard_threshold,config/anneal,config/symmetric
c0c0d_00000,1.65425,1323.4,0.9647648902821316,0.2814998336729076,0.7185001663270925,0.823396616695584,0.9979321875,0.0019016661170521809,0.0,0.9961340004909858,1280.7136097724,3.1443965435028076,0.09408053010702133,0.1251230239868164,2.0,800.0,1000.0,0.3,0.0,64.0,2000.0,0.0,0.008573312125447308,0.02123086283426496,0.026104690573249663,0.45,0.002,0.01,0.0,0.0,6452.119938373566,True,,,1,2ed5fc3eea8d402a9dc3670669c6151f,2023-05-03_12-25-11,1683109511,6452.119938373566,51986,hostname,127.0.0.1,6452.119938373566,0,1,0.004452228546142578,"0_adj_reg=0.0212,learning_rate=0.0086,priority_reg=0.0261",0.3,False,64,2000,False,0.008573312125447308,0.02123086283426496,0.026104690573249663,,0.45,0.002,0.01,False,cosine,False
c0c0d_00001,7.442749999999999,5954.2,0.8008150470219435,0.6749418925616908,0.3250581074383092,0.4622540697609351,0.9906965624999999,0.008352255774877882,0.0,0.9246713800108386,1341.2415254608002,17.11191177368164,0.1012519970536232,0.15849778056144714,2.0,800.0,1000.0,0.3,0.0,64.0,2000.0,0.0,0.00013366260325651917,0.012651325721913529,0.022301749948468046,0.45,0.002,0.01,0.0,0.0,6754.395557165146,True,,,1,3d8e8df826464e55977aad60b0d43a24,2023-05-03_12-30-18,1683109818,6754.395557165146,52054,hostname,127.0.0.1,6754.395557165146,0,1,0.004913330078125,"1_adj_reg=0.0127,learning_rate=0.0001,priority_reg=0.0223",0.3,False,64,2000,False,0.00013366260325651917,0.012651325721913529,0.022301749948468046,,0.45,0.002,0.01,False,cosine,False
c0c0d_00002,24.6585,19726.8,0.904576802507837,0.8562570871526646,0.14374291284733537,0.2455729569352089,0.9691768749999999,0.03049952105023477,0.0,0.9590093405418731,1311.7238428574,142.39898681640625,2.0208849906921387,2.2046446800231934,2.0,800.0,1000.0,0.3,0.0,64.0,2000.0,0.0,0.07181163955024265,0.01115493614670628,0.024798372754203664,0.45,0.002,0.01,0.0,0.0,6552.909124135971,True,,,1,b6b377ea4b314f09adc1a4a5ed5eaf64,2023-05-03_12-26-57,1683109617,6552.909124135971,52057,hostname,127.0.0.1,6552.909124135971,0,1,0.004485368728637695,"2_adj_reg=0.0112,learning_rate=0.0718,priority_reg=0.0248",0.3,False,64,2000,False,0.07181163955024265,0.01115493614670628,0.024798372754203664,,0.45,0.002,0.01,False,cosine,False
c0c0d_00003,5.588749999999999,4471.0,0.9331034482758621,0.5862998566830704,0.41370014331692956,0.5725970631418915,0.9930140625,0.006685824657276118,0.0,0.992544181842106,1308.5216436340002,4.424069404602051,0.03213124722242355,0.04541686549782753,2.0,800.0,1000.0,0.3,0.0,64.0,2000.0,0.0,0.0006699947255090813,0.01094106539282297,0.0308809345830263,0.45,0.002,0.01,0.0,0.0,6620.773348808289,True,,,1,2f47fa4d2164438ba5ebb55b89814b92,2023-05-03_12-28-06,1683109686,6620.773348808289,52060,hostname,127.0.0.1,6620.773348808289,0,1,0.007652759552001953,"3_adj_reg=0.0109,learning_rate=0.0007,priority_reg=0.0309",0.3,False,64,2000,False,0.0006699947255090813,0.01094106539282297,0.0308809345830263,,0.45,0.002,0.01,False,cosine,False
c0c0d_00004,3.5572500000000007,2845.8,0.9034482758620689,0.46416647724245036,0.5358335227575497,0.6716095152863336,0.9955534374999999,0.003985176112184163,0.0,0.9884649681437734,1568.5944745492,12.477398872375488,0.13221058249473572,0.10655488818883896,2.0,800.0,1000.0,0.3,0.0,64.0,2000.0,0.0,0.001000230308603493,0.054749223499593214,0.003095508343678609,0.45,0.002,0.01,0.0,0.0,7851.720428943634,True,,,1,cb7ba9ec47ca48c3b92eb97a2c32752d,2023-05-03_12-48-37,1683110917,7851.720428943634,52062,hostname,127.0.0.1,7851.720428943634,0,1,0.0065190792083740234,"4_adj_reg=0.0547,learning_rate=0.0010,priority_reg=0.0031",0.3,False,64,2000,False,0.001000230308603493,0.054749223499593214,0.003095508343678609,,0.45,0.002,0.01,False,cosine,False
c0c0d_00005,3.1912499999999997,2553.0,0.9374294670846395,0.4366415439206131,0.5633584560793868,0.7027925817619424,0.9960109375,0.003695607795103717,0.0,0.9849496392161183,1409.508681334,26.379053115844727,0.17420558631420135,0.21442918479442596,2.0,800.0,1000.0,0.3,0.0,64.0,2000.0,0.0,0.01399950258903788,0.01513319582377876,0.001442275632078645,0.45,0.002,0.01,0.0,0.0,7069.217701911926,True,,,1,c2ca927fb1804b20acda61502d0e9488,2023-05-03_12-35-33,1683110133,7069.217701911926,52065,hostname,127.0.0.1,7069.217701911926,0,1,0.00409245491027832,"5_adj_reg=0.0151,learning_rate=0.0140,priority_reg=0.0014",0.3,False,64,2000,False,0.01399950258903788,0.015133195823778763,0.001442275632078645,,0.45,0.002,0.01,False,cosine,False
c0c0d_00006,13.675999999999998,10940.8,0.889090909090909,0.7343515056101362,0.26564849438986377,0.3987555342479239,0.982905,0.016625052998539603,0.0,0.9602266552539822,1457.842175021,62.40343475341797,0.8886665105819702,1.1280748844146729,2.0,800.0,1000.0,0.3,0.0,64.0,2000.0,0.0,0.047490325905251145,0.023421271926299524,0.05465536900682102,0.45,0.002,0.01,0.0,0.0,7288.084189176559,True,,,1,7a353ebd19f74da5beb9389c66a27970,2023-05-03_12-39-11,1683110351,7288.084189176559,52067,hostname,127.0.0.1,7288.084189176559,0,1,0.00478672981262207,"6_adj_reg=0.0234,learning_rate=0.0475,priority_reg=0.0547",0.3,False,64,2000,False,0.047490325905251145,0.023421271926299524,0.05465536900682102,,0.45,0.002,0.01,False,cosine,False
c0c0d_00007,5.965750000000001,4772.6,0.6001253918495297,0.6519943946517085,0.34800560534829156,0.4359468708688694,0.9925428125,0.005491433865674233,0.0,0.7638805309910944,1458.780609267,15.96191692352295,0.26422494649887085,0.24897098541259766,2.0,800.0,1000.0,0.3,0.0,64.0,2000.0,0.0,0.00013273482936628956,0.07096727450209066,0.08824246920749552,0.45,0.002,0.01,0.0,0.0,7328.477830410004,True,,,1,51048d2f07b1491c915ec5fc66b97ccc,2023-05-03_12-39-54,1683110394,7328.477830410004,52069,hostname,127.0.0.1,7328.477830410004,0,1,0.00538182258605957,"7_adj_reg=0.0710,learning_rate=0.0001,priority_reg=0.0882",0.3,False,64,2000,False,0.00013273482936628956,0.07096727450209066,0.08824246920749552,,0.45,0.002,0.01,False,cosine,False
c0c0d_00008,2.35,1880.0,0.9420062695924765,0.3559009040535991,0.6440990959464009,0.7639155779054032,0.9970625,0.002661704433033396,0.0,0.9909143251194396,1446.087005243,5.983631134033203,0.11151416599750519,0.08848799765110016,2.0,800.0,1000.0,0.3,0.0,64.0,2000.0,0.0,0.005357383000295773,0.028415312483491932,0.006933316556450418,0.45,0.002,0.01,0.0,0.0,7260.723779678345,True,,,1,df58a732d20c426da9362da279a740d0,2023-05-03_12-38-46,1683110326,7260.723779678345,52072,hostname,127.0.0.1,7260.723779678345,0,1,0.00549626350402832,"8_adj_reg=0.0284,learning_rate=0.0054,priority_reg=0.0069",0.3,False,64,2000,False,0.005357383000295773,0.028415312483491936,0.006933316556450418,,0.45,0.002,0.01,False,cosine,False
c0c0d_00009,3.4457500000000003,2756.6,0.9499059561128526,0.45403344981325466,0.5459665501867453,0.6912587625996318,0.9956928125,0.00407782541103312,0.0,0.9956056429187429,1398.5298613661998,2.7753210067749023,0.07349596917629242,0.08653126657009125,2.0,800.0,1000.0,0.3,0.0,64.0,2000.0,0.0,0.0033197305240851302,0.014308219016427948,0.025079721834218298,0.45,0.002,0.01,0.0,0.0,7055.665962696075,True,,,1,b13925606ebe499da9a33da44131ade0,2023-05-03_12-35-19,1683110119,7055.665962696075,52074,hostname,127.0.0.1,7055.665962696075,0,1,0.004746675491333008,"9_adj_reg=0.0143,learning_rate=0.0033,priority_reg=0.0251",0.3,False,64,2000,False,0.00331973052408513,0.014308219016427948,0.025079721834218298,,0.45,0.002,0.01,False,cosine,False
c0c0d_00010,5.9167499999999995,4733.4,0.9148589341692791,0.5700260920872745,0.4299739079127254,0.5765883075129367,0.9926040624999999,0.00700648545091942,0.0,0.9722721335512494,1399.3844729604,15.322214126586914,0.16835416853427887,0.18180778622627258,2.0,800.0,1000.0,0.3,0.0,64.0,2000.0,0.0,0.011867272703846873,0.013500375083239152,0.007553530300783445,0.45,0.002,0.01,0.0,0.0,7023.126457452774,True,,,1,694ad785edea4b71a1ce0b850c7636e4,2023-05-03_12-34-47,1683110087,7023.126457452774,52076,hostname,127.0.0.1,7023.126457452774,0,1,0.004988193511962891,"10_adj_reg=0.0135,learning_rate=0.0119,priority_reg=0.0076",0.3,False,64,2000,False,0.011867272703846873,0.013500375083239154,0.007553530300783446,,0.45,0.002,0.01,False,cosine,False
c0c0d_00011,6.13,4904.0,0.9175548589341693,0.5973849647561205,0.4026150352438796,0.5549836854282029,0.9923375,0.007287888067084381,0.0,0.979253275793398,1339.891994656,24.934391021728516,0.23453640937805176,0.3476291298866272,2.0,800.0,1000.0,0.3,0.0,64.0,2000.0,0.0,0.024034687295609713,0.016443030251909123,0.03535522679266967,0.45,0.002,0.01,0.0,0.0,6725.170039176941,True,,,1,de45062fd6e84f7a858879db3529cd98,2023-05-03_12-29-49,1683109789,6725.170039176941,52077,hostname,127.0.0.1,6725.170039176941,0,1,0.00442194938659668,"11_adj_reg=0.0164,learning_rate=0.0240,priority_reg=0.0354",0.3,False,64,2000,False,0.024034687295609713,0.016443030251909123,0.03535522679266967,,0.45,0.002,0.01,False,cosine,False
c0c0d_00012,2.78425,2227.4,0.9288401253918496,0.3997964158285326,0.6002035841714675,0.7283362074304103,0.9965196875,0.003141282329109152,0.0,0.9948929266314137,1492.5959331663998,4.380621910095215,0.13135592639446259,0.0975121259689331,2.0,800.0,1000.0,0.3,0.0,64.0,2000.0,0.0,0.002287078020894114,0.04709448398010084,0.006132872379011123,0.45,0.002,0.01,0.0,0.0,7480.4632070064545,True,,,1,395a4e15f887409a9ca323a33e00758c,2023-05-03_12-42-26,1683110546,7480.4632070064545,52079,hostname,127.0.0.1,7480.4632070064545,0,1,0.004752635955810547,"12_adj_reg=0.0471,learning_rate=0.0023,priority_reg=0.0061",0.3,False,64,2000,False,0.002287078020894114,0.04709448398010084,0.006132872379011123,,0.45,0.002,0.01,False,cosine,False
c0c0d_00013,5.27675,4221.4,0.8904702194357366,0.5752744198049509,0.4247255801950492,0.5744166902551444,0.9934040625,0.006080306527849766,0.0,0.964916446882406,1260.083350496,6.364958763122559,0.06777326762676239,0.07818742096424103,2.0,800.0,1000.0,0.3,0.0,64.0,2000.0,0.0,0.0004783558773429248,0.03153800702815283,0.06304880740992692,0.45,0.002,0.01,0.0,0.0,6384.912345409393,True,,,1,877cd670ba42404398c702950de41743,2023-05-03_12-24-10,1683109450,6384.912345409393,52082,hostname,127.0.0.1,6384.912345409393,0,1,0.006599903106689453,"13_adj_reg=0.0315,learning_rate=0.0005,priority_reg=0.0630",0.3,False,64,2000,False,0.0004783558773429248,0.03153800702815283,0.06304880740992692,,0.45,0.002,0.01,False,cosine,False
c0c0d_00014,2.1685000000000003,1734.8,0.9526645768025078,0.33855531033286745,0.6614446896671325,0.7796746619957581,0.997289375,0.0024870840596096233,0.0,0.995100975822919,1459.8573527740002,2.421387195587158,0.07156620919704437,0.09345924854278564,2.0,800.0,1000.0,0.3,0.0,64.0,2000.0,0.0,0.007148004838823589,0.020323141451993258,0.04218185449061611,0.45,0.002,0.01,0.0,0.0,7358.361288309097,True,,,1,42a63ad5b4e4438288a0960ac074e48a,2023-05-03_12-40-24,1683110424,7358.361288309097,52084,hostname,127.0.0.1,7358.361288309097,0,1,0.008449316024780273,"14_adj_reg=0.0203,learning_rate=0.0071,priority_reg=0.0422",0.3,False,64,2000,False,0.007148004838823589,0.020323141451993258,0.04218185449061611,,0.45,0.002,0.01,False,cosine,False
c0c0d_00015,4.78425,3827.4,0.9099059561128527,0.5380284485254616,0.46197155147453833,0.6095559493023142,0.9940196875,0.005558957930937014,0.0,0.9784786411147373,1483.467744809,24.622867584228516,0.2801973521709442,0.3432599604129791,2.0,800.0,1000.0,0.3,0.0,64.0,2000.0,0.0,0.022650123296599323,0.029553625175450616,0.027637505805372126,0.45,0.002,0.01,0.0,0.0,7437.808073997498,True,,,1,6377b4cfd4704148908047a3ee3d9583,2023-05-03_12-41-42,1683110502,7437.808073997498,52087,hostname,127.0.0.1,7437.808073997498,0,1,0.005406618118286133,"15_adj_reg=0.0296,learning_rate=0.0227,priority_reg=0.0276",0.3,False,64,2000,False,0.022650123296599323,0.029553625175450612,0.027637505805372126,,0.45,0.002,0.01,False,cosine,False
c0c0d_00016,2.08425,1667.4,0.9427586206896551,0.3276518225390298,0.6723481774609703,0.7841363569840706,0.9973946874999999,0.002331621676795259,0.0,0.9958729204180378,1444.7266966548,4.978787422180176,0.1635814607143402,0.12674658000469208,2.0,800.0,1000.0,0.3,0.0,64.0,2000.0,0.0,0.006793711757345956,0.041532952071415975,0.010301436883015774,0.45,0.002,0.01,0.0,0.0,7243.901252746582,True,,,1,26e902b9bf4744969668acdb7ea5955f,2023-05-03_12-38-28,1683110308,7243.901252746582,52089,hostname,127.0.0.1,7243.901252746582,0,1,0.005394697189331055,"16_adj_reg=0.0415,learning_rate=0.0068,priority_reg=0.0103",0.3,False,64,2000,False,0.006793711757345956,0.041532952071415975,0.010301436883015774,,0.45,0.002,0.01,False,cosine,False
c0c0d_00017,2.13475,1707.8,0.95717868338558,0.3393198595652237,0.6606801404347763,0.7816482081195092,0.9973315625000001,0.0024672979381605174,0.0,0.9956344794899776,1517.3467613152002,14.143720626831055,0.09723373502492905,0.09828566014766693,2.0,800.0,1000.0,0.3,0.0,64.0,2000.0,0.0,0.00701189522072449,0.015340236800735516,0.0013794390852216413,0.45,0.002,0.01,0.0,0.0,7616.486926317215,True,,,1,40bed8de2644427cb1ba9bd6640f2997,2023-05-03_12-44-41,1683110681,7616.486926317215,52092,hostname,127.0.0.1,7616.486926317215,0,1,0.004590034484863281,"17_adj_reg=0.0153,learning_rate=0.0070,priority_reg=0.0014",0.3,False,64,2000,False,0.0070118952207244905,0.015340236800735516,0.0013794390852216413,,0.45,0.002,0.01,False,cosine,False
c0c0d_00018,3.37575,2700.6,0.9481504702194357,0.44556220088480264,0.5544377991151974,0.6968516865375445,0.9957803125,0.003981093261726421,0.0,0.9953092239389327,1444.0894429284003,3.1535277366638184,0.052132464945316315,0.06544437259435654,2.0,800.0,1000.0,0.3,0.0,64.0,2000.0,0.0,0.003325986378099692,0.015956773095759356,0.0630621009369844,0.45,0.002,0.01,0.0,0.0,7294.866869211197,True,,,1,3d96531b5f2647ce86ef7b14d215ac4e,2023-05-03_12-39-19,1683110359,7294.866869211197,52093,hostname,127.0.0.1,7294.866869211197,0,1,0.005663156509399414,"18_adj_reg=0.0160,learning_rate=0.0033,priority_reg=0.0631",0.3,False,64,2000,False,0.0033259863780996917,0.015956773095759356,0.0630621009369844,,0.45,0.002,0.01,False,cosine,False
c0c0d_00019,5.529999999999999,4424.0,0.7635736677115987,0.601928520280085,0.3980714797199151,0.5231789701869147,0.9930875,0.005762786388404706,0.0,0.921108156549699,1360.2087091110002,19.0489501953125,0.16022391617298126,0.1780809611082077,2.0,800.0,1000.0,0.3,0.0,64.0,2000.0,0.0,0.00011658930590753501,0.06954714019637173,0.009650820065428648,0.45,0.002,0.01,0.0,0.0,6840.452039003372,True,,,1,761e210179714f54bddf9cf0bacd4fc6,2023-05-03_12-31-46,1683109906,6840.452039003372,52095,hostname,127.0.0.1,6840.452039003372,0,1,0.007295846939086914,"19_adj_reg=0.0695,learning_rate=0.0001,priority_reg=0.0097",0.3,False,64,2000,False,0.00011658930590753503,0.06954714019637173,0.009650820065428648,,0.45,0.002,0.01,False,cosine,False
c0c0d_00020,2.08875,1671.0,0.9055172413793103,0.3202864075143612,0.6797135924856388,0.7761443215748549,0.9973890624999999,0.002150719994974937,0.0,0.9947170638289725,1451.072930421,15.147570610046387,0.15542083978652954,0.12288330495357513,2.0,800.0,1000.0,0.3,0.0,64.0,2000.0,0.0,0.005273717336284337,0.08424711120359334,0.00416870594729918,0.45,0.002,0.01,0.0,0.0,7270.452290773392,True,,,1,5b8feea8b351486eb29f7aad9024d4ed,2023-05-03_12-38-54,1683110334,7270.452290773392,52115,hostname,127.0.0.1,7270.452290773392,0,1,0.0046465396881103516,"20_adj_reg=0.0842,learning_rate=0.0053,priority_reg=0.0042",0.3,False,64,2000,False,0.005273717336284337,0.08424711120359334,0.00416870594729918,,0.45,0.002,0.01,False,cosine,False
c0c0d_00021,4.6915000000000004,3753.2,0.9339811912225706,0.541031664577443,0.458968335422557,0.614862863645169,0.994135625,0.005563040781394779,0.0,0.9931088047157465,1360.0951141622,8.387774467468262,0.05929403752088547,0.06417147070169449,2.0,800.0,1000.0,0.3,0.0,64.0,2000.0,0.0,0.0007781110416565366,0.018593327868578806,0.015732963573170975,0.45,0.002,0.01,0.0,0.0,6878.88579082489,True,,,1,dac2ecbd9e104e56b3f965ed580b44e7,2023-05-03_12-32-23,1683109943,6878.88579082489,52117,hostname,127.0.0.1,6878.88579082489,0,1,0.004685401916503906,"21_adj_reg=0.0186,learning_rate=0.0008,priority_reg=0.0157",0.3,False,64,2000,False,0.0007781110416565366,0.018593327868578806,0.015732963573170975,,0.45,0.002,0.01,False,cosine,False
c0c0d_00022,4.859999999999999,3888.0,0.9002507836990595,0.5517873563825418,0.4482126436174583,0.5981213621674886,0.993925,0.00560575367849121,0.0,0.9563460545088596,1382.3022577651998,17.13332748413086,0.09731476753950119,0.12964847683906555,2.0,800.0,1000.0,0.3,0.0,64.0,2000.0,0.0,0.0010540358783344334,0.014967102987242919,0.0027000798297086553,0.45,0.002,0.01,0.0,0.0,6979.197536945343,True,,,1,04c00dbd4fe54be3828040debc29ea27,2023-05-03_12-34-03,1683110043,6979.197536945343,52119,hostname,127.0.0.1,6979.197536945343,0,1,0.004629373550415039,"22_adj_reg=0.0150,learning_rate=0.0011,priority_reg=0.0027",0.3,False,64,2000,False,0.0010540358783344334,0.01496710298724292,0.0027000798297086553,,0.45,0.002,0.01,False,cosine,False
c0c0d_00023,3.471,2776.8,0.8339184952978055,0.45321252681602353,0.5467874731839766,0.6595020091152973,0.9956612499999998,0.0035285249917557993,0.0,0.9514909377604546,1545.8920553264002,18.239274978637695,0.25710558891296387,0.21178527176380157,2.0,800.0,1000.0,0.3,0.0,64.0,2000.0,0.0,0.001551540301478051,0.08449858858389608,0.0010049773548857135,0.45,0.002,0.01,0.0,0.0,7733.3928208351135,True,,,1,2988763ff7fb4c29afc6c70e4c2ad58c,2023-05-03_12-46-39,1683110799,7733.3928208351135,52121,hostname,127.0.0.1,7733.3928208351135,0,1,0.006618976593017578,"23_adj_reg=0.0845,learning_rate=0.0016,priority_reg=0.0010",0.3,False,64,2000,False,0.001551540301478051,0.08449858858389608,0.0010049773548857135,,0.45,0.002,0.01,False,cosine,False
c0c0d_00024,11.56025,9248.2,0.9106583072100314,0.7441510915624628,0.25584890843753716,0.39684606419321217,0.9855496875,0.014075155854964572,0.0,0.9688908596083763,1439.157662646,64.9231185913086,1.074906826019287,1.1588551998138428,2.0,800.0,1000.0,0.3,0.0,64.0,2000.0,0.0,0.04274792737196216,0.010249926562665263,0.007194655144712079,0.45,0.002,0.01,0.0,0.0,7191.994702100754,True,,,1,07a28417cc4448389f5e7a70f57d130a,2023-05-03_12-37-38,1683110258,7191.994702100754,52123,hostname,127.0.0.1,7191.994702100754,0,1,0.00591588020324707,"24_adj_reg=0.0102,learning_rate=0.0427,priority_reg=0.0072",0.3,False,64,2000,False,0.04274792737196216,0.010249926562665263,0.007194655144712079,,0.45,0.002,0.01,False,cosine,False
c0c0d_00025,3.2520000000000002,2601.6,0.9453291536050157,0.44374339430597154,0.5562566056940285,0.6997355460012146,0.995935,0.0038114979350198698,0.0,0.9952780939517349,1392.3959674446,3.3208351135253906,0.06832005083560944,0.08392743766307831,2.0,800.0,1000.0,0.3,0.0,64.0,2000.0,0.0,0.0022646094024397836,0.028126094369780485,0.05124391150472775,0.45,0.002,0.01,0.0,0.0,7014.907019853592,True,,,1,93e0d33253514d2a8d40ec65b5637f8e,2023-05-03_12-34-40,1683110080,7014.907019853592,52124,hostname,127.0.0.1,7014.907019853592,0,1,0.006661415100097656,"25_adj_reg=0.0281,learning_rate=0.0023,priority_reg=0.0512",0.3,False,64,2000,False,0.0022646094024397836,0.028126094369780485,0.05124391150472774,,0.45,0.002,0.01,False,cosine,False
c0c0d_00026,4.838,3870.4,0.8704075235109718,0.5463840316729984,0.45361596832700163,0.5952403424064172,0.9939525,0.0054286207817088265,0.0,0.9452967932000801,1519.5183412891997,19.619014739990234,0.13143464922904968,0.14721205830574036,2.0,800.0,1000.0,0.3,0.0,64.0,2000.0,0.0,0.0006091494222680187,0.023047610384158982,0.0010222438548875118,0.45,0.002,0.01,0.0,0.0,7653.231416940689,True,,,1,50a4dcf9949e40b9b0799604c0c3acf4,2023-05-03_12-45-19,1683110719,7653.231416940689,52127,hostname,127.0.0.1,7653.231416940689,0,1,0.005315542221069336,"26_adj_reg=0.0230,learning_rate=0.0006,priority_reg=0.0010",0.3,False,64,2000,False,0.0006091494222680187,0.023047610384158982,0.0010222438548875118,,0.45,0.002,0.01,False,cosine,False
c0c0d_00027,10.34475,8275.8,0.8927899686520376,0.7129287314575429,0.2870712685424571,0.42887947149624894,0.9870690625,0.012458661139115267,0.0,0.9659068283089512,1452.2468525122,35.29880142211914,0.4192325174808502,0.5902441740036011,2.0,800.0,1000.0,0.3,0.0,64.0,2000.0,0.0,0.029101816812225643,0.024786003267423213,0.07497893151929892,0.45,0.002,0.01,0.0,0.0,7274.830387353897,True,,,1,9582e0886fb5402387a85154b672f150,2023-05-03_12-38-59,1683110339,7274.830387353897,52129,hostname,127.0.0.1,7274.830387353897,0,1,0.005070924758911133,"27_adj_reg=0.0248,learning_rate=0.0291,priority_reg=0.0750",0.3,False,64,2000,False,0.029101816812225647,0.024786003267423213,0.07497893151929892,,0.45,0.002,0.01,False,cosine,False
c0c0d_00028,2.44375,1955.0,0.919373040752351,0.36521052999440884,0.6347894700055912,0.7506303078199075,0.9969453125,0.0026661013489109654,0.0,0.9948798464466229,1555.8381390464,3.5038609504699707,0.08347903937101364,0.09458138048648834,2.0,800.0,1000.0,0.3,0.0,64.0,2000.0,0.0,0.004007764749395637,0.06098767746581167,0.05205587485842168,0.45,0.002,0.01,0.0,0.0,7815.1611959934235,True,,,1,a76595b410da46a4aae217b15e8581af,2023-05-03_12-47-59,1683110879,7815.1611959934235,52131,hostname,127.0.0.1,7815.1611959934235,0,1,0.004248857498168945,"28_adj_reg=0.0610,learning_rate=0.0040,priority_reg=0.0521",0.3,False,64,2000,False,0.004007764749395637,0.06098767746581168,0.052055874858421676,,0.45,0.002,0.01,False,cosine,False
c0c0d_00029,4.281249999999999,3425.0,0.9177429467084639,0.5086942734724595,0.49130572652754045,0.6373115153032023,0.9946484375000001,0.004966316483723565,0.0,0.9797612239375543,1411.2488944454,25.374309539794922,0.22683802247047424,0.2648789882659912,2.0,800.0,1000.0,0.3,0.0,64.0,2000.0,0.0,0.01657844322816202,0.015470709544582096,0.0019380370359141758,0.45,0.002,0.01,0.0,0.0,7069.244149684906,True,,,1,9313f0fb7beb4ce1aa597704e316ec3f,2023-05-03_12-35-34,1683110134,7069.244149684906,52133,hostname,127.0.0.1,7069.244149684906,0,1,0.00735926628112793,"29_adj_reg=0.0155,learning_rate=0.0166,priority_reg=0.0019",0.3,False,64,2000,False,0.01657844322816202,0.015470709544582094,0.0019380370359141758,,0.45,0.002,0.01,False,cosine,False
c0c0d_00030,8.3045,6643.6,0.7294670846394985,0.7125694403655788,0.28743055963442127,0.4120141122411282,0.989619375,0.009077432829258348,0.0,0.8821276184158314,1370.9222398739998,18.95406150817871,0.1236766129732132,0.18164180219173431,2.0,800.0,1000.0,0.3,0.0,64.0,2000.0,0.0,0.0001035188080158748,0.011036062394054573,0.004991683259220809,0.45,0.002,0.01,0.0,0.0,6894.890168905258,True,,,1,f26b91d1d00446e880ecd5d127f30ed2,2023-05-03_12-32-39,1683109959,6894.890168905258,52134,hostname,127.0.0.1,6894.890168905258,0,1,0.004632711410522461,"30_adj_reg=0.0110,learning_rate=0.0001,priority_reg=0.0050",0.3,False,64,2000,False,0.0001035188080158748,0.011036062394054573,0.004991683259220809,,0.45,0.002,0.01,False,cosine,False
c0c0d_00031,2.7965,2237.2,0.936677115987461,0.40357347468692006,0.5964265253130799,0.7283435488964919,0.996504375,0.0031959297121590515,0.0,0.9953666454844801,1431.9161712851999,10.215907096862793,0.16107144951820374,0.1258726418018341,2.0,800.0,1000.0,0.3,0.0,64.0,2000.0,0.0,0.003540236025004098,0.03686847478551013,0.0011330035136488466,0.45,0.002,0.01,0.0,0.0,7172.571756601334,True,,,1,5200e3eca5114e148425a88794599822,2023-05-03_12-37-17,1683110237,7172.571756601334,52136,hostname,127.0.0.1,7172.571756601334,0,1,0.004430532455444336,"31_adj_reg=0.0369,learning_rate=0.0035,priority_reg=0.0011",0.3,False,64,2000,False,0.003540236025004098,0.03686847478551013,0.0011330035136488466,,0.45,0.002,0.01,False,cosine,False
c0c0d_00032,5.58375,4467.0,0.9146081504702195,0.5846600213678744,0.4153399786321256,0.569875636017365,0.9930203124999999,0.006586894050030612,0.0,0.977700396406678,1452.0786816408,14.39758586883545,0.17407938838005066,0.24164144694805145,2.0,800.0,1000.0,0.3,0.0,64.0,2000.0,0.0,0.017264544182021557,0.011268980271750065,0.018595330280291242,0.45,0.002,0.01,0.0,0.0,7290.014983892441,True,,,1,44260bda2dfb468f8594512399609e49,2023-05-03_12-39-16,1683110356,7290.014983892441,52138,hostname,127.0.0.1,7290.014983892441,0,1,0.006756782531738281,"32_adj_reg=0.0113,learning_rate=0.0173,priority_reg=0.0186",0.3,False,64,2000,False,0.017264544182021557,0.011268980271750065,0.018595330280291242,,0.45,0.002,0.01,False,cosine,False
c0c0d_00033,3.1540000000000004,2523.2,0.9157993730407524,0.40811542216493135,0.5918845778350686,0.7122959222584775,0.9960575,0.003540459477709179,0.0,0.9862413872850467,1444.5678647748002,4.885304927825928,0.08542283624410629,0.1184052973985672,2.0,800.0,1000.0,0.3,0.0,64.0,2000.0,0.0,0.009051547470731176,0.04316253317080341,0.07321553735682326,0.45,0.002,0.01,0.0,0.0,7280.531384468079,True,,,1,3b33c6f57ca54d95905e11b46193fa84,2023-05-03_12-39-06,1683110346,7280.531384468079,52140,hostname,127.0.0.1,7280.531384468079,0,1,0.007752418518066406,"33_adj_reg=0.0432,learning_rate=0.0091,priority_reg=0.0732",0.3,False,64,2000,False,0.009051547470731176,0.04316253317080341,0.07321553735682326,,0.45,0.002,0.01,False,cosine,False
c0c0d_00034,2.6825,2146.0,0.9001253918495298,0.38649274771266595,0.613507252287334,0.729007641292255,0.996646875,0.002869615740958853,0.0,0.9945442867438944,1556.4286257074,5.846584320068359,0.0865892767906189,0.06843496859073639,2.0,800.0,1000.0,0.3,0.0,64.0,2000.0,0.0,0.0025520300712378267,0.0811779724851808,0.014353776892199601,0.45,0.002,0.01,0.0,0.0,7806.691704034805,True,,,1,e83888e583184e31a06c7046a42b427c,2023-05-03_12-47-52,1683110872,7806.691704034805,52142,hostname,127.0.0.1,7806.691704034805,0,1,0.0065920352935791016,"34_adj_reg=0.0812,learning_rate=0.0026,priority_reg=0.0144",0.3,False,64,2000,False,0.0025520300712378267,0.0811779724851808,0.014353776892199603,,0.45,0.002,0.01,False,cosine,False
c0c0d_00035,4.7005,3760.4,0.9036990595611286,0.541103669795401,0.45889633020459897,0.607951133348213,0.994124375,0.005422653538732103,0.0,0.9682666573431572,1296.1282732282002,14.899520874023438,0.09316827356815338,0.10904417186975479,2.0,800.0,1000.0,0.3,0.0,64.0,2000.0,0.0,0.0006516326270485112,0.025913384871195284,0.013295319212748482,0.45,0.002,0.01,0.0,0.0,6545.566677808762,True,,,1,1e3d66ac413642e68d0095b760116d82,2023-05-03_12-26-50,1683109610,6545.566677808762,52144,hostname,127.0.0.1,6545.566677808762,0,1,0.005522727966308594,"35_adj_reg=0.0259,learning_rate=0.0007,priority_reg=0.0133",0.3,False,64,2000,False,0.0006516326270485112,0.025913384871195284,0.013295319212748484,,0.45,0.002,0.01,False,cosine,False
c0c0d_00036,3.2485,2598.8,0.9409404388714734,0.39887061817438296,0.601129381825617,0.7224562055398415,0.9959393750000001,0.003785116439754388,0.0,0.9852573456972717,1468.7487365632,13.614466667175293,0.14090955257415771,0.13711363077163696,2.0,800.0,1000.0,0.3,0.0,64.0,2000.0,0.0,0.009779564316009313,0.01795293381178893,0.0027801466937389945,0.45,0.002,0.01,0.0,0.0,7370.531383752823,True,,,1,48592218800f4f62b7acdc80f56bd37b,2023-05-03_12-40-36,1683110436,7370.531383752823,52146,hostname,127.0.0.1,7370.531383752823,0,1,0.0053441524505615234,"36_adj_reg=0.0180,learning_rate=0.0098,priority_reg=0.0028",0.3,False,64,2000,False,0.009779564316009313,0.01795293381178893,0.0027801466937389945,,0.45,0.002,0.01,False,cosine,False
c0c0d_00037,6.24625,4997.0,0.6758620689655173,0.6492653226647073,0.35073467733529273,0.4612836455733665,0.9921921875,0.0062232062938710085,0.0,0.8050617467875611,1487.4342747358,18.09500503540039,0.2775863707065582,0.2570939064025879,2.0,800.0,1000.0,0.3,0.0,64.0,2000.0,0.0,0.0002100322892283621,0.03666915650208988,0.014831320305416446,0.45,0.002,0.01,0.0,0.0,7475.531457901001,True,,,1,e04e1e3c21114032be94c8e0b2fb5510,2023-05-03_12-42-21,1683110541,7475.531457901001,52148,hostname,127.0.0.1,7475.531457901001,0,1,0.005865812301635742,"37_adj_reg=0.0367,learning_rate=0.0002,priority_reg=0.0148",0.3,False,64,2000,False,0.0002100322892283621,0.03666915650208988,0.014831320305416444,,0.45,0.002,0.01,False,cosine,False
c0c0d_00038,2.604,2083.2,0.9141065830721005,0.37559444707971135,0.6244055529202887,0.7399696869761938,0.9967450000000001,0.002841035787754587,0.0,0.9943869684215096,1568.073667348,7.027973175048828,0.1883392333984375,0.13761219382286072,2.0,800.0,1000.0,0.3,0.0,64.0,2000.0,0.0,0.004720262798093093,0.06691181879547924,0.0019601833473786912,0.45,0.002,0.01,0.0,0.0,7849.192813634872,True,,,1,f2ed9819f77c4dc9a6f00f9cf8876841,2023-05-03_12-48-33,1683110913,7849.192813634872,52150,hostname,127.0.0.1,7849.192813634872,0,1,0.0040743350982666016,"38_adj_reg=0.0669,learning_rate=0.0047,priority_reg=0.0020",0.3,False,64,2000,False,0.004720262798093093,0.06691181879547924,0.0019601833473786912,,0.45,0.002,0.01,False,cosine,False
c0c0d_00039,8.5635,6850.8,0.8390595611285268,0.6979691933581054,0.3020308066418946,0.44263408272305094,0.9892956249999999,0.009951790958056584,0.0,0.9534641357227311,1634.9349867492,204.9634246826172,2.9194204807281494,2.57777738571167,2.0,800.0,1000.0,0.3,0.0,64.0,2000.0,0.0,0.06581810824191862,0.08550862751075831,0.004791593058542157,0.45,0.002,0.01,0.0,0.0,8163.6549372673035,True,,,1,811db9170b4f465ab1e26e978a3b42a7,2023-05-03_12-53-49,1683111229,8163.6549372673035,52152,hostname,127.0.0.1,8163.6549372673035,0,1,0.004681825637817383,"39_adj_reg=0.0855,learning_rate=0.0658,priority_reg=0.0048",0.3,False,64,2000,False,0.06581810824191862,0.08550862751075831,0.004791593058542157,,0.45,0.002,0.01,False,cosine,False
c0c0d_00040,3.74425,2995.4,0.9219435736677116,0.47666576491404394,0.523334235085956,0.6660316000732905,0.9953196875,0.004312746345063667,0.0,0.9844663946308794,1454.8742887226003,33.977088928222656,0.38747289776802063,0.40534138679504395,2.0,800.0,1000.0,0.3,0.0,64.0,2000.0,0.0,0.023623701248126627,0.025277401928804306,0.005030290070799835,0.45,0.002,0.01,0.0,0.0,7279.623127698898,True,,,1,1634f89e006540b695078b1635d372fa,2023-05-03_12-39-05,1683110345,7279.623127698898,52154,hostname,127.0.0.1,7279.623127698898,0,1,0.0049517154693603516,"40_adj_reg=0.0253,learning_rate=0.0236,priority_reg=0.0050",0.3,False,64,2000,False,0.023623701248126627,0.025277401928804306,0.005030290070799835,,0.45,0.002,0.01,False,cosine,False
c0c0d_00041,5.44525,4356.2,0.7831347962382446,0.589426150107808,0.41057384989219203,0.5375133276182101,0.9931934375000001,0.0057543066220693715,0.0,0.8801385806773266,1471.0789066676,17.378795623779297,0.20518645644187927,0.21268777549266815,2.0,800.0,1000.0,0.3,0.0,64.0,2000.0,0.0,0.0004052295333998194,0.03927392282752894,0.006952588298251116,0.45,0.002,0.01,0.0,0.0,7393.008654117584,True,,,1,0396bb60cf664654b2810c1f36ad49bc,2023-05-03_12-40-59,1683110459,7393.008654117584,52156,hostname,127.0.0.1,7393.008654117584,0,1,0.006135225296020508,"41_adj_reg=0.0393,learning_rate=0.0004,priority_reg=0.0070",0.3,False,64,2000,False,0.0004052295333998194,0.03927392282752894,0.006952588298251116,,0.45,0.002,0.01,False,cosine,False
c0c0d_00042,10.63725,8509.8,0.9178683385579938,0.6475584214770047,0.35244157852299535,0.4938537919939868,0.9867034374999999,0.012951743848243557,0.0,0.9733959225349273,1436.1738586640001,112.19288635253906,1.1951254606246948,1.2270824909210205,2.0,800.0,1000.0,0.3,0.0,64.0,2000.0,0.0,0.04300796502322208,0.02147501528490856,0.001296624721797996,0.45,0.002,0.01,0.0,0.0,7174.914343118668,True,,,1,f8e74f9f6e1245b4a650d96edc5ab747,2023-05-03_12-37-21,1683110241,7174.914343118668,52159,hostname,127.0.0.1,7174.914343118668,0,1,0.006295204162597656,"42_adj_reg=0.0215,learning_rate=0.0430,priority_reg=0.0013",0.3,False,64,2000,False,0.04300796502322208,0.02147501528490856,0.001296624721797996,,0.45,0.002,0.01,False,cosine,False
c0c0d_00043,2.83925,2271.4,0.9209404388714735,0.40716439638652985,0.5928356036134701,0.7212740446694882,0.9964509375,0.003170804478572897,0.0,0.9947485949633652,1494.0599174298,9.330694198608398,0.16068413853645325,0.12120097875595093,2.0,800.0,1000.0,0.3,0.0,64.0,2000.0,0.0,0.0018921024675350004,0.054269341842761123,0.0016430794546598456,0.45,0.002,0.01,0.0,0.0,7479.492095708847,True,,,1,2079fc2155334c529038d6f845e28542,2023-05-03_12-42-23,1683110543,7479.492095708847,52161,hostname,127.0.0.1,7479.492095708847,0,1,0.00593113899230957,"43_adj_reg=0.0543,learning_rate=0.0019,priority_reg=0.0016",0.3,False,64,2000,False,0.0018921024675350004,0.05426934184276112,0.0016430794546598456,,0.45,0.002,0.01,False,cosine,False
c0c0d_00044,5.7307500000000005,4584.6,0.7588087774294671,0.6111863505434288,0.38881364945657115,0.5134480849000939,0.9928365625000002,0.005991111948618899,0.0,0.8558019995728119,1351.94115336,18.648265838623047,0.21936340630054474,0.23575620353221893,2.0,800.0,1000.0,0.3,0.0,64.0,2000.0,0.0,0.00041396753160025286,0.028893077404197397,0.01046509019263189,0.45,0.002,0.01,0.0,0.0,6806.061581134796,True,,,1,16c5ebeed2354f18b9f9e0cf4df2ddfd,2023-05-03_12-31-10,1683109870,6806.061581134796,52163,hostname,127.0.0.1,6806.061581134796,0,1,0.005431413650512695,"44_adj_reg=0.0289,learning_rate=0.0004,priority_reg=0.0105",0.3,False,64,2000,False,0.00041396753160025286,0.0288930774041974,0.01046509019263189,,0.45,0.002,0.01,False,cosine,False
c0c0d_00045,4.47975,3583.8,0.926896551724138,0.5172948692589682,0.48270513074103194,0.6312409772151749,0.9944003125,0.005261537978360908,0.0,0.9779833576340222,1424.5277105262,18.052303314208984,0.19296106696128845,0.20316922664642334,2.0,800.0,1000.0,0.3,0.0,64.0,2000.0,0.0,0.012850916896249242,0.014210388949592234,0.001777741588390704,0.45,0.002,0.01,0.0,0.0,7139.606729269028,True,,,1,94389f19fd0c4821aab605258eb04add,2023-05-03_12-36-44,1683110204,7139.606729269028,52165,hostname,127.0.0.1,7139.606729269028,0,1,0.004497051239013672,"45_adj_reg=0.0142,learning_rate=0.0129,priority_reg=0.0018",0.3,False,64,2000,False,0.012850916896249242,0.014210388949592236,0.001777741588390704,,0.45,0.002,0.01,False,cosine,False
c0c0d_00046,4.182,3345.6,0.8797492163009405,0.49917669230113865,0.5008233076988613,0.6340929657687533,0.9947725000000001,0.004651308867637138,0.0,0.9728305946877951,1394.4747607079996,38.312835693359375,0.5324295163154602,0.5071781277656555,2.0,800.0,1000.0,0.3,0.0,64.0,2000.0,0.0,0.02174166564897288,0.047333261763882716,0.007961746757391,0.45,0.002,0.01,0.0,0.0,6972.616496086121,True,,,1,b6e2d74f962a44d0ba3cf4738765c20a,2023-05-03_12-33-58,1683110038,6972.616496086121,52167,hostname,127.0.0.1,6972.616496086121,0,1,0.0059587955474853516,"46_adj_reg=0.0473,learning_rate=0.0217,priority_reg=0.0080",0.3,False,64,2000,False,0.02174166564897288,0.047333261763882716,0.007961746757391,,0.45,0.002,0.01,False,cosine,False
c0c0d_00047,5.84525,4676.2,0.7703448275862069,0.6183154476089967,0.3816845523910033,0.509690660672146,0.9926934375,0.006192741948147784,0.0,0.860284298909745,1516.7573190992002,14.123346328735352,0.2014225721359253,0.2254929542541504,2.0,800.0,1000.0,0.3,0.0,64.0,2000.0,0.0,0.0005576923764916265,0.03771830494600728,0.09552445540583826,0.45,0.002,0.01,0.0,0.0,7638.638001680374,True,,,1,faa9f31e07f84f8ebf866f6c4757d452,2023-05-03_12-45-03,1683110703,7638.638001680374,52169,hostname,127.0.0.1,7638.638001680374,0,1,0.005004167556762695,"47_adj_reg=0.0377,learning_rate=0.0006,priority_reg=0.0955",0.3,False,64,2000,False,0.0005576923764916265,0.03771830494600728,0.09552445540583826,,0.45,0.002,0.01,False,cosine,False
c0c0d_00048,2.307,1845.6,0.9064576802507837,0.3466888867111086,0.6533111132888914,0.7588393711259186,0.99711625,0.0024296100877812866,0.0,0.9945384947474528,1366.4822089621998,6.305668830871582,0.13711081445217133,0.10201150178909302,2.0,800.0,1000.0,0.3,0.0,64.0,2000.0,0.0,0.003793817136174315,0.07873650734262613,0.005483166097428604,0.45,0.002,0.01,0.0,0.0,6848.103004217148,True,,,1,c69110b50a674bcfafcbb570d4b6f99d,2023-05-03_12-31-52,1683109912,6848.103004217148,52171,hostname,127.0.0.1,6848.103004217148,0,1,0.004127979278564453,"48_adj_reg=0.0787,learning_rate=0.0038,priority_reg=0.0055",0.3,False,64,2000,False,0.003793817136174315,0.07873650734262613,0.005483166097428604,,0.45,0.002,0.01,False,cosine,False
c0c0d_00049,2.9557499999999997,2364.6,0.897680250783699,0.41533066660985785,0.5846693333901422,0.707951317674265,0.9963053125,0.003200640693456447,0.0,0.9938225991138531,1555.926726485,4.941911220550537,0.15724320709705353,0.12858544290065765,2.0,800.0,1000.0,0.3,0.0,64.0,2000.0,0.0,0.0030145708922822505,0.06798634206306416,0.018877903455070472,0.45,0.002,0.01,0.0,0.0,7794.908015012741,True,,,1,0bbd5fb990f0438fa92171c39a7561a7,2023-05-03_12-47-39,1683110859,7794.908015012741,52173,hostname,127.0.0.1,7794.908015012741,0,1,0.0046045780181884766,"49_adj_reg=0.0680,learning_rate=0.0030,priority_reg=0.0189",0.3,False,64,2000,False,0.0030145708922822505,0.06798634206306416,0.018877903455070472,,0.45,0.002,0.01,False,cosine,False
c0c0d_00050,25.52,20416.0,0.8623824451410659,0.8612272832275242,0.1387727167724758,0.23580967566875816,0.9681000000000001,0.03137042445941489,0.0,0.9445874471103742,1788.2465564162,217.2561492919922,4.5467095375061035,4.133035659790039,2.0,800.0,1000.0,0.3,0.0,64.0,2000.0,0.0,0.09652455761486473,0.041957364965866606,0.006498616935353893,0.45,0.002,0.01,0.0,0.0,8926.154893398285,True,,,1,8c4ace0a6f45408fa3d559a10e8a73d4,2023-05-03_13-06-30,1683111990,8926.154893398285,52174,hostname,127.0.0.1,8926.154893398285,0,1,0.004826784133911133,"50_adj_reg=0.0420,learning_rate=0.0965,priority_reg=0.0065",0.3,False,64,2000,False,0.09652455761486473,0.041957364965866606,0.006498616935353893,,0.45,0.002,0.01,False,cosine,False
c0c0d_00051,21.858999999999998,17487.2,0.8436363636363635,0.8298661944246792,0.17013380557532082,0.2769068500752997,0.9726762499999999,0.026677344890940823,0.0,0.9330015067756168,1535.9949487160002,105.6659164428711,3.0382320880889893,2.99507474899292,2.0,800.0,1000.0,0.3,0.0,64.0,2000.0,0.0,0.08510811381924477,0.054621877969748135,0.02785808115499159,0.45,0.002,0.01,0.0,0.0,7668.813732147217,True,,,1,800e9b738de54e1d822ab59186444edb,2023-05-03_12-45-34,1683110734,7668.813732147217,52175,hostname,127.0.0.1,7668.813732147217,0,1,0.005074977874755859,"51_adj_reg=0.0546,learning_rate=0.0851,priority_reg=0.0279",0.3,False,64,2000,False,0.08510811381924477,0.05462187796974813,0.02785808115499159,,0.45,0.002,0.01,False,cosine,False
c0c0d_00052,3.4212499999999997,2737.0,0.9434482758620689,0.4431058909747582,0.5568941090252417,0.6960222218591193,0.9957234374999999,0.004014698261647909,0.0,0.9836525347073056,1384.7782007732,3.723517656326294,0.08226226270198822,0.11291615664958954,2.0,800.0,1000.0,0.3,0.0,64.0,2000.0,0.0,0.007914770575245937,0.010168373981883057,0.06188594514319838,0.45,0.002,0.01,0.0,0.0,6983.545601606369,True,,,1,b9b77279135549a68c30a5f7a36d43bf,2023-05-03_12-34-07,1683110047,6983.545601606369,52176,hostname,127.0.0.1,6983.545601606369,0,1,0.0049059391021728516,"52_adj_reg=0.0102,learning_rate=0.0079,priority_reg=0.0619",0.3,False,64,2000,False,0.007914770575245937,0.010168373981883057,0.06188594514319839,,0.45,0.002,0.01,False,cosine,False
c0c0d_00053,4.701,3760.8,0.8497178683385579,0.5438470315614977,0.4561529684385023,0.5924511641789942,0.99412375,0.005152871343100762,0.0,0.9514355522744415,1439.0368595624,16.60518455505371,0.13124488294124603,0.15786151587963104,2.0,800.0,1000.0,0.3,0.0,64.0,2000.0,0.0,0.0003386510209193368,0.06366208210479529,0.010522977192936222,0.45,0.002,0.01,0.0,0.0,7232.699138641357,True,,,1,a8dd1451122747359ab255380e15c534,2023-05-03_12-38-18,1683110298,7232.699138641357,52177,hostname,127.0.0.1,7232.699138641357,0,1,0.0054950714111328125,"53_adj_reg=0.0637,learning_rate=0.0003,priority_reg=0.0105",0.3,False,64,2000,False,0.0003386510209193368,0.06366208210479529,0.010522977192936222,,0.45,0.002,0.01,False,cosine,False
c0c0d_00054,5.203,4162.4,0.8964263322884012,0.5652775967377561,0.4347224032622439,0.583764926207372,0.9934962500000001,0.006017493443884359,0.0,0.9608219859478861,1311.3802149494,7.513893127441406,0.07892449200153351,0.10725580155849457,2.0,800.0,1000.0,0.3,0.0,64.0,2000.0,0.0,0.000759624967369511,0.01791751032606996,0.05629111676916189,0.45,0.002,0.01,0.0,0.0,6639.818865299225,True,,,1,2754a24722ad4265940a145373d94be7,2023-05-03_12-28-23,1683109703,6639.818865299225,52178,hostname,127.0.0.1,6639.818865299225,0,1,0.0047321319580078125,"54_adj_reg=0.0179,learning_rate=0.0008,priority_reg=0.0563",0.3,False,64,2000,False,0.000759624967369511,0.01791751032606996,0.05629111676916188,,0.45,0.002,0.01,False,cosine,False
c0c0d_00055,5.17325,4138.6,0.8201880877742947,0.5691997265173192,0.43080027348268085,0.5639439660884612,0.9935334375,0.0055982161084153995,0.0,0.9033417430010544,1464.892737555,9.19003677368164,0.18162329494953156,0.18883030116558075,2.0,800.0,1000.0,0.3,0.0,64.0,2000.0,0.0,0.000722127583974386,0.026568027503912833,0.05876251960098485,0.45,0.002,0.01,0.0,0.0,7375.056168079376,True,,,1,e6c210d182cc4ab1a1d74bbd132755c5,2023-05-03_12-40-41,1683110441,7375.056168079376,52181,hostname,127.0.0.1,7375.056168079376,0,1,0.005326032638549805,"55_adj_reg=0.0266,learning_rate=0.0007,priority_reg=0.0588",0.3,False,64,2000,False,0.000722127583974386,0.026568027503912833,0.05876251960098485,,0.45,0.002,0.01,False,cosine,False
c0c0d_00056,4.6125,3690.0,0.9391222570532916,0.5368310188096926,0.46316898119030736,0.6198652183162074,0.9942343749999999,0.005489549473155275,0.0,0.994269904868206,1487.1922917476,10.77017879486084,0.05807259678840637,0.059436947107315063,2.0,800.0,1000.0,0.3,0.0,64.0,2000.0,0.0,0.0016538439555396941,0.012549343252654523,0.008468248513338978,0.45,0.002,0.01,0.0,0.0,7510.05877327919,True,,,1,03a6136ec99948a2a79314c7e42777ae,2023-05-03_12-42-56,1683110576,7510.05877327919,52183,hostname,127.0.0.1,7510.05877327919,0,1,0.00768733024597168,"56_adj_reg=0.0125,learning_rate=0.0017,priority_reg=0.0085",0.3,False,64,2000,False,0.0016538439555396941,0.012549343252654523,0.008468248513338978,,0.45,0.002,0.01,False,cosine,False
c0c0d_00057,6.6015,5281.2,0.7671473354231975,0.6508116855568882,0.3491883144431118,0.47955588436766455,0.9917481250000002,0.007126772506713164,0.0,0.8839250508965659,1403.4777628781999,19.684764862060547,0.16346143186092377,0.2120462954044342,2.0,800.0,1000.0,0.3,0.0,64.0,2000.0,0.0,0.00018326323938357863,0.023134761613586862,0.0010915428732089472,0.45,0.002,0.01,0.0,0.0,7072.932234048843,True,,,1,87d3b0fc746642f09893ae137aa1a1ee,2023-05-03_12-35-38,1683110138,7072.932234048843,52186,hostname,127.0.0.1,7072.932234048843,0,1,0.006117582321166992,"57_adj_reg=0.0231,learning_rate=0.0002,priority_reg=0.0011",0.3,False,64,2000,False,0.00018326323938357863,0.023134761613586862,0.0010915428732089472,,0.45,0.002,0.01,False,cosine,False
c0c0d_00058,4.155,3324.0,0.8334796238244515,0.5091998040286803,0.49080019597131974,0.6167905081430393,0.9948062499999999,0.004385609522463541,0.0,0.9505404294002842,1473.9869125932,7.1053972244262695,0.092545285820961,0.1048024520277977,2.0,800.0,1000.0,0.3,0.0,64.0,2000.0,0.0,0.0005209741662543135,0.09057902034879275,0.06739043958735712,0.45,0.002,0.01,0.0,0.0,7409.3270852565765,True,,,1,227cbefa1dac427990e7822c357aa5ea,2023-05-03_12-41-15,1683110475,7409.3270852565765,52188,hostname,127.0.0.1,7409.3270852565765,0,1,0.004819631576538086,"58_adj_reg=0.0906,learning_rate=0.0005,priority_reg=0.0674",0.3,False,64,2000,False,0.0005209741662543135,0.09057902034879275,0.06739043958735712,,0.45,0.002,0.01,False,cosine,False
c0c0d_00059,3.0605,2448.4,0.9313479623824452,0.4250204507131839,0.5749795492868162,0.7099150294120262,0.9961743750000001,0.003500887234811034,0.0,0.9952175284045837,1418.268840667,8.031450271606445,0.1077081710100174,0.08703186362981796,2.0,800.0,1000.0,0.3,0.0,64.0,2000.0,0.0,0.0027841308199072815,0.03454019013960744,0.007910022309772937,0.45,0.002,0.01,0.0,0.0,7117.279231309891,True,,,1,7d5c35640b0746bc96053d5066956b28,2023-05-03_12-36-23,1683110183,7117.279231309891,52190,hostname,127.0.0.1,7117.279231309891,0,1,0.006374835968017578,"59_adj_reg=0.0345,learning_rate=0.0028,priority_reg=0.0079",0.3,False,64,2000,False,0.0027841308199072815,0.03454019013960744,0.007910022309772937,,0.45,0.002,0.01,False,cosine,False
c0c0d_00060,6.2035,4962.8,0.8533542319749217,0.6188037437782072,0.38119625622179276,0.5262229676767582,0.992245625,0.007058620310610708,0.0,0.9348015651976921,1444.2545448734,15.354705810546875,0.10411141812801361,0.1402462273836136,2.0,800.0,1000.0,0.3,0.0,64.0,2000.0,0.0,0.00036271643975778456,0.017181699037661934,0.02098302091596568,0.45,0.002,0.01,0.0,0.0,7293.3200306892395,True,,,1,95db28f599d1448bae57312a7907a5c8,2023-05-03_12-39-19,1683110359,7293.3200306892395,52192,hostname,127.0.0.1,7293.3200306892395,0,1,0.005759716033935547,"60_adj_reg=0.0172,learning_rate=0.0004,priority_reg=0.0210",0.3,False,64,2000,False,0.00036271643975778456,0.017181699037661934,0.02098302091596568,,0.45,0.002,0.01,False,cosine,False
c0c0d_00061,23.903750000000002,19123.0,0.8872727272727273,0.8558112998488386,0.1441887001511614,0.24610024475121756,0.9701203125,0.029464675491904947,0.0,0.9536664154143308,1562.7486197904002,122.01173400878906,1.848523497581482,2.246567487716675,2.0,800.0,1000.0,0.3,0.0,64.0,2000.0,0.0,0.08152583209657405,0.022133370125090833,0.08702419249362067,0.45,0.002,0.01,0.0,0.0,7805.211550474167,True,,,1,041f3f45f9fe4be986cce9790f5ae133,2023-05-03_12-47-51,1683110871,7805.211550474167,52194,hostname,127.0.0.1,7805.211550474167,0,1,0.007120370864868164,"61_adj_reg=0.0221,learning_rate=0.0815,priority_reg=0.0870",0.3,False,64,2000,False,0.08152583209657405,0.022133370125090833,0.08702419249362067,,0.45,0.002,0.01,False,cosine,False
c0c0d_00062,5.3580000000000005,4286.4,0.7875862068965518,0.5878447640849975,0.41215523591500247,0.5406226985476594,0.9933025000000001,0.0056669964353575075,0.0,0.9364504047136591,1512.0777743278002,21.268999099731445,0.15897008776664734,0.18520107865333557,2.0,800.0,1000.0,0.3,0.0,64.0,2000.0,0.0,0.00013801733534468148,0.06764392770441256,0.002143030302995058,0.45,0.002,0.01,0.0,0.0,7593.475602388382,True,,,1,19dd9374585f4775adb1c58aa4f6a6f7,2023-05-03_12-44-19,1683110659,7593.475602388382,52196,hostname,127.0.0.1,7593.475602388382,0,1,0.0062160491943359375,"62_adj_reg=0.0676,learning_rate=0.0001,priority_reg=0.0021",0.3,False,64,2000,False,0.00013801733534468148,0.06764392770441256,0.002143030302995058,,0.45,0.002,0.01,False,cosine,False
c0c0d_00063,3.651,2920.8,0.9110344827586208,0.46514319975376284,0.5348568002462372,0.6710052948545077,0.99543625,0.004140952560418354,0.0,0.982226697736499,1471.9356276837998,37.09838104248047,0.43074578046798706,0.3995114862918854,2.0,800.0,1000.0,0.3,0.0,64.0,2000.0,0.0,0.021621788277334714,0.04203010460174007,0.0024621270138422417,0.45,0.002,0.01,0.0,0.0,7362.986258983612,True,,,1,251b9a2a22d448088bab3ee30d08f04c,2023-05-03_12-40-29,1683110429,7362.986258983612,52197,hostname,127.0.0.1,7362.986258983612,0,1,0.006170034408569336,"63_adj_reg=0.0420,learning_rate=0.0216,priority_reg=0.0025",0.3,False,64,2000,False,0.021621788277334714,0.04203010460174007,0.0024621270138422417,,0.45,0.002,0.01,False,cosine,False
