trial_id,eval/NHD,eval/SHD,eval/TPR,eval/FDR,eval/PPV,eval/F1,eval/ACC,eval/FPR,eval/dagness,eval/roc_auc,eval/time,exp/iter,dset/nodes,dset/samples,hparam/threshold,hparam/force_dag,hparam/batch_size,hparam/max_epochs,hparam/early_stop,hparam/learning_rate,hparam/lambda_reg,hparam/initial_path_coefficient,hparam/path_decay_factor,hparam/max_steps,time_this_iter_s,done,timesteps_total,episodes_total,training_iteration,experiment_id,date,timestamp,time_total_s,pid,hostname,node_ip,time_since_restore,timesteps_since_restore,iterations_since_restore,warmup_time,experiment_tag,config/threshold,config/force_dag,config/batch_size,config/max_epochs,config/early_stop,config/learning_rate,config/lambda_reg,config/hidden_size,config/initial_path_coefficient,config/path_decay_factor,config/log_det_parameter,config/max_steps
a3ecc_00000,3.586666666666667,107.6,0.8100000000000002,0.3248918712131467,0.6751081287868533,0.7343520345085993,0.8804444444444444,0.10194444444444443,0.0002803802490234375,0.9228518518518518,1534.3598279876,2.0,30.0,1000.0,0.3,0.0,64.0,5000.0,1.0,0.00039399318274227534,0.002766820877423479,1.0,0.1,4.0,7660.842091083527,True,,,1,cf4550ff868b43b18e1b5785c6b9b0df,2023-05-19_21-00-58,1684522858,7660.842091083527,389702,c31,172.16.6.31,7660.842091083527,0,1,0.006125688552856445,"0_lambda_reg=0.0028,learning_rate=0.0004",0.3,False,64,5000,True,0.00039399318274227534,0.002766820877423479,,1.0,0.1,"[1.0, 0.9, 0.8, 0.7]",4
a3ecc_00001,3.5333333333333328,106.0,0.7777777777777778,0.31616016565326077,0.6838398343467393,0.7270019850508765,0.8822222222222222,0.09166666666666665,0.0003910064697265625,0.9264043209876544,1392.6252715506,2.0,30.0,1000.0,0.3,0.0,64.0,5000.0,1.0,0.0005621504862420008,0.004185406270464554,1.0,0.1,4.0,6953.540624380112,True,,,1,bdccbef612a943aea09b428cb32f1595,2023-05-19_20-49-15,1684522155,6953.540624380112,389781,c31,172.16.6.31,6953.540624380112,0,1,0.004670143127441406,"1_lambda_reg=0.0042,learning_rate=0.0006",0.3,False,64,5000,True,0.0005621504862420008,0.004185406270464554,,1.0,0.1,"[1.0, 0.9, 0.8, 0.7]",4
a3ecc_00002,3.246666666666667,97.4,0.8233333333333335,0.29759627021629864,0.7024037297837014,0.7567675034296955,0.8917777777777779,0.09111111111111111,0.00081634521484375,0.9359027777777778,1383.8496466406,2.0,30.0,1000.0,0.3,0.0,64.0,5000.0,1.0,0.0007050622776361952,0.001908804880018036,1.0,0.1,4.0,6909.897020101547,True,,,1,99d8ebe6322049a9976f6ba45dba2f15,2023-05-19_20-48-31,1684522111,6909.897020101547,389784,c31,172.16.6.31,6909.897020101547,0,1,0.004498481750488281,"2_lambda_reg=0.0019,learning_rate=0.0007",0.3,False,64,5000,True,0.0007050622776361952,0.001908804880018036,,1.0,0.1,"[1.0, 0.9, 0.8, 0.7]",4
a3ecc_00003,3.5,105.0,0.7922222222222223,0.3153880632094973,0.6846119367905027,0.7332943759579058,0.8833333333333334,0.09388888888888888,0.0001857757568359375,0.9346419753086419,1407.9015851106,2.0,30.0,1000.0,0.3,0.0,64.0,5000.0,1.0,0.00031516330423856997,0.0031834029931839063,1.0,0.1,4.0,7030.166074514389,True,,,1,8adb6216dd514c879e3895ce27266ea0,2023-05-19_20-50-32,1684522232,7030.166074514389,389786,c31,172.16.6.31,7030.166074514389,0,1,0.006690025329589844,"3_lambda_reg=0.0032,learning_rate=0.0003",0.3,False,64,5000,True,0.00031516330423856997,0.0031834029931839063,,1.0,0.1,"[1.0, 0.9, 0.8, 0.7]",4
a3ecc_00004,3.6266666666666665,108.8,0.8688888888888888,0.34970883986319656,0.6502911601368033,0.743560937678895,0.8791111111111111,0.11833333333333333,0.00015716552734375,0.9411188271604939,1394.0201629586002,2.0,30.0,1000.0,0.3,0.0,64.0,5000.0,1.0,0.0005051698131785835,0.00011472195552988836,1.0,0.1,4.0,6960.747330904007,True,,,1,576f822ac620452b83da7f68e9e3b9fd,2023-05-19_20-49-22,1684522162,6960.747330904007,389788,c31,172.16.6.31,6960.747330904007,0,1,0.004688739776611328,"4_lambda_reg=0.0001,learning_rate=0.0005",0.3,False,64,5000,True,0.0005051698131785835,0.00011472195552988836,,1.0,0.1,"[1.0, 0.9, 0.8, 0.7]",4
a3ecc_00005,4.873333333333333,146.2,0.3822222222222222,0.3326062458758205,0.6673937541241795,0.4850578941533071,0.8375555555555556,0.04861111111111109,0.0001739501953125,0.6384675925925926,1658.3051075081999,2.0,30.0,1000.0,0.3,0.0,64.0,5000.0,1.0,0.00012323355022251622,0.09665526899273562,1.0,0.1,4.0,8278.838005781174,True,,,1,9f03acf200dd43f0a4016512ab49f3a7,2023-05-19_21-11-21,1684523481,8278.838005781174,389790,c31,172.16.6.31,8278.838005781174,0,1,0.004760265350341797,"5_lambda_reg=0.0967,learning_rate=0.0001",0.3,False,64,5000,True,0.00012323355022251622,0.09665526899273562,,1.0,0.1,"[1.0, 0.9, 0.8, 0.7]",4
a3ecc_00006,3.086666666666667,92.6,0.821111111111111,0.274301457290974,0.725698542709026,0.767436252990464,0.897111111111111,0.08388888888888887,0.0002323150634765625,0.9409629629629629,1153.2953428546002,2.0,30.0,1000.0,0.3,0.0,64.0,5000.0,1.0,0.0009062560366059496,0.0016355547207512065,1.0,0.1,4.0,5761.4447774887085,True,,,1,f05bda52c87a4b2ca91eb00d944914fe,2023-05-19_20-29-28,1684520968,5761.4447774887085,390092,c31,172.16.6.31,5761.4447774887085,0,1,0.004847288131713867,"6_lambda_reg=0.0016,learning_rate=0.0009",0.3,False,64,5000,True,0.0009062560366059495,0.0016355547207512063,,1.0,0.1,"[1.0, 0.9, 0.8, 0.7]",4
a3ecc_00007,5.44,163.2,0.39444444444444443,0.4311665408062284,0.5688334591937716,0.4643160854619432,0.8186666666666668,0.0752777777777778,0.0005123138427734375,0.6718317901234568,1594.2275471705996,2.0,30.0,1000.0,0.3,0.0,64.0,5000.0,1.0,0.0001630731116751697,0.04604855714546612,1.0,0.1,4.0,7960.163489341736,True,,,1,ebfad509265e4a11a89356e0f77d96f3,2023-05-19_21-06-07,1684523167,7960.163489341736,390095,c31,172.16.6.31,7960.163489341736,0,1,0.005170106887817383,"7_lambda_reg=0.0460,learning_rate=0.0002",0.3,False,64,5000,True,0.0001630731116751697,0.04604855714546612,,1.0,0.1,"[1.0, 0.9, 0.8, 0.7]",4
a3ecc_00008,3.9,117.0,0.6388888888888888,0.31041654523906664,0.6895834547609334,0.6630580307304446,0.8699999999999999,0.07222222222222222,0.0001613616943359375,0.8414212962962964,1518.4794055806,2.0,30.0,1000.0,0.3,0.0,64.0,5000.0,1.0,0.00014474426551863915,0.013211401887282103,1.0,0.1,4.0,7581.80459856987,True,,,1,8cca34861f0643589f6a9eed08b5f317,2023-05-19_20-59-49,1684522789,7581.80459856987,390097,c31,172.16.6.31,7581.80459856987,0,1,0.0049571990966796875,"8_lambda_reg=0.0132,learning_rate=0.0001",0.3,False,64,5000,True,0.00014474426551863915,0.013211401887282103,,1.0,0.1,"[1.0, 0.9, 0.8, 0.7]",4
a3ecc_00009,3.4666666666666672,104.0,0.668888888888889,0.2678258936926802,0.7321741063073198,0.6987411156656382,0.8844444444444445,0.06166666666666665,0.0001819610595703125,0.8789012345679013,1379.8472942756,2.0,30.0,1000.0,0.3,0.0,64.0,5000.0,1.0,0.0002542360247714574,0.013195656543020129,1.0,0.1,4.0,6889.657358169556,True,,,1,7fd54e261478445cadeae26a1f1ada34,2023-05-19_20-48-17,1684522097,6889.657358169556,390099,c31,172.16.6.31,6889.657358169556,0,1,0.004205226898193359,"9_lambda_reg=0.0132,learning_rate=0.0003",0.3,False,64,5000,True,0.0002542360247714574,0.013195656543020129,,1.0,0.1,"[1.0, 0.9, 0.8, 0.7]",4
a3ecc_00010,4.6866666666666665,140.6,0.5944444444444443,0.38515770879654726,0.6148422912034528,0.6038111971822635,0.8437777777777777,0.09388888888888887,0.0003543853759765625,0.7966820987654322,1547.8555011692001,2.0,30.0,1000.0,0.3,0.0,64.0,5000.0,1.0,0.00011031889988033801,0.01784058788225952,1.0,0.1,4.0,7728.33563876152,True,,,1,09eb3306305445749b86ecf9074de3d0,2023-05-19_21-02-20,1684522940,7728.33563876152,390341,c31,172.16.6.31,7728.33563876152,0,1,0.004630565643310547,"10_lambda_reg=0.0178,learning_rate=0.0001",0.3,False,64,5000,True,0.000110318899880338,0.01784058788225952,,1.0,0.1,"[1.0, 0.9, 0.8, 0.7]",4
a3ecc_00011,4.3133333333333335,129.4,0.6577777777777778,0.36358680802594434,0.6364131919740557,0.6464593801362216,0.8562222222222223,0.09416666666666669,0.0005138397216796875,0.8674706790123456,1462.1686153028,2.0,30.0,1000.0,0.3,0.0,64.0,5000.0,1.0,0.0003460154900277326,0.009866805971308016,1.0,0.1,4.0,7302.316478967667,True,,,1,1a1454c52bad42fd9a5be73bebe37471,2023-05-19_20-55-15,1684522515,7302.316478967667,390345,c31,172.16.6.31,7302.316478967667,0,1,0.004797458648681641,"11_lambda_reg=0.0099,learning_rate=0.0003",0.3,False,64,5000,True,0.0003460154900277326,0.009866805971308016,,1.0,0.1,"[1.0, 0.9, 0.8, 0.7]",4
a3ecc_00012,3.9466666666666668,118.4,0.6011111111111112,0.2881171504874713,0.7118828495125287,0.6497957800254524,0.8684444444444445,0.06472222222222224,5.91278076171875e-05,0.8469645061728397,1418.1656324758,2.0,30.0,1000.0,0.3,0.0,64.0,5000.0,1.0,0.0006958955934487014,0.019136603587891786,1.0,0.1,4.0,7082.254852056503,True,,,1,4d910fe9c68f480c8e12edbe3d236dbf,2023-05-19_20-51-34,1684522294,7082.254852056503,390347,c31,172.16.6.31,7082.254852056503,0,1,0.005011558532714844,"12_lambda_reg=0.0191,learning_rate=0.0007",0.3,False,64,5000,True,0.0006958955934487014,0.019136603587891786,,1.0,0.1,"[1.0, 0.9, 0.8, 0.7]",4
a3ecc_00013,3.3000000000000007,99.0,0.6466666666666667,0.23355677195058888,0.7664432280494111,0.7005871665629553,0.89,0.04916666666666667,9.19342041015625e-05,0.8562993827160493,1498.9640451970004,2.0,30.0,1000.0,0.3,0.0,64.0,5000.0,1.0,0.0003841969820247653,0.017253208063665895,1.0,0.1,4.0,7485.5931186676025,True,,,1,3e8ab2726fef47808bff20dede4125a3,2023-05-19_20-58-18,1684522698,7485.5931186676025,390349,c31,172.16.6.31,7485.5931186676025,0,1,0.004957914352416992,"13_lambda_reg=0.0173,learning_rate=0.0004",0.3,False,64,5000,True,0.0003841969820247653,0.017253208063665895,,1.0,0.1,"[1.0, 0.9, 0.8, 0.7]",4
a3ecc_00014,4.0200000000000005,120.6,0.62,0.3126837048090396,0.6873162951909604,0.6506890449574364,0.866,0.07249999999999998,6.7138671875e-05,0.8249382716049383,1530.4318622362002,2.0,30.0,1000.0,0.3,0.0,64.0,5000.0,1.0,0.0004704889225015937,0.01666364188869516,1.0,0.1,4.0,7644.037941932678,True,,,1,592480e785c94869a694eda560bb0040,2023-05-19_21-00-56,1684522856,7644.037941932678,390351,c31,172.16.6.31,7644.037941932678,0,1,0.00502324104309082,"14_lambda_reg=0.0167,learning_rate=0.0005",0.3,False,64,5000,True,0.0004704889225015937,0.01666364188869516,,1.0,0.1,"[1.0, 0.9, 0.8, 0.7]",4
a3ecc_00015,4.386666666666667,131.6,0.7066666666666667,0.37092462883670124,0.6290753711632988,0.6637116498468396,0.8537777777777776,0.10944444444444443,0.0008808135986328125,0.8809521604938272,1482.0998721967999,2.0,30.0,1000.0,0.3,0.0,64.0,5000.0,1.0,0.00047627813892250827,0.006055114269535153,1.0,0.1,4.0,7402.088299512863,True,,,1,33d4edbdb4d34fe48f535b240f138e17,2023-05-19_20-56-59,1684522619,7402.088299512863,390653,c31,172.16.6.31,7402.088299512863,0,1,0.004975318908691406,"15_lambda_reg=0.0061,learning_rate=0.0005",0.3,False,64,5000,True,0.0004762781389225082,0.006055114269535153,,1.0,0.1,"[1.0, 0.9, 0.8, 0.7]",4
a3ecc_00016,4.653333333333333,139.6,0.40777777777777774,0.3066500632511069,0.6933499367488931,0.5127190548063034,0.8448888888888888,0.0458333333333333,0.0001316070556640625,0.6879691358024691,1639.8789186278002,2.0,30.0,1000.0,0.3,0.0,64.0,5000.0,1.0,0.0003907460806714952,0.05938591649990381,1.0,0.1,4.0,8189.018683433533,True,,,1,0c105ee34e9f49e5838109ad3f6abf5c,2023-05-19_21-10-12,1684523412,8189.018683433533,390717,c31,172.16.6.31,8189.018683433533,0,1,0.005153179168701172,"16_lambda_reg=0.0594,learning_rate=0.0004",0.3,False,64,5000,True,0.0003907460806714952,0.05938591649990382,,1.0,0.1,"[1.0, 0.9, 0.8, 0.7]",4
a3ecc_00017,3.853333333333333,115.6,0.861111111111111,0.36882372735826674,0.6311762726417334,0.7283366662658376,0.8715555555555555,0.12583333333333335,0.0003955841064453125,0.9399922839506173,1485.0355097643999,2.0,30.0,1000.0,0.3,0.0,64.0,5000.0,1.0,0.00010332408021839481,0.00011769685338060387,1.0,0.1,4.0,7413.744144201279,True,,,1,ea407c207f064504a19788f0d14136c6,2023-05-19_20-57-16,1684522636,7413.744144201279,390719,c31,172.16.6.31,7413.744144201279,0,1,0.00460362434387207,"17_lambda_reg=0.0001,learning_rate=0.0001",0.3,False,64,5000,True,0.00010332408021839481,0.00011769685338060386,,1.0,0.1,"[1.0, 0.9, 0.8, 0.7]",4
a3ecc_00018,5.726666666666667,171.8,0.7244444444444444,0.48378122619384467,0.5162187738061553,0.6026281565999004,0.8091111111111111,0.16972222222222225,0.001213836669921875,0.8768302469135802,1596.7351530566002,2.0,30.0,1000.0,0.3,0.0,64.0,5000.0,1.0,0.00010638502390644892,0.0005445725343887769,1.0,0.1,4.0,7973.257227897644,True,,,1,d9a48616e11e4d40ac854b8ee5d7efb8,2023-05-19_21-06-36,1684523196,7973.257227897644,390722,c31,172.16.6.31,7973.257227897644,0,1,0.00556635856628418,"18_lambda_reg=0.0005,learning_rate=0.0001",0.3,False,64,5000,True,0.00010638502390644892,0.0005445725343887769,,1.0,0.1,"[1.0, 0.9, 0.8, 0.7]",4
a3ecc_00019,5.486666666666666,164.6,0.7755555555555556,0.46897319900545986,0.5310268009945401,0.629930114659237,0.8171111111111111,0.1725,0.0007579803466796875,0.8813533950617284,1645.9494918714001,2.0,30.0,1000.0,0.3,0.0,64.0,5000.0,1.0,0.00015248943604811256,0.00011321928745583207,1.0,0.1,4.0,8218.908237457275,True,,,1,037891128af140e6a2dcdc4246155bba,2023-05-19_21-10-47,1684523447,8218.908237457275,390904,c31,172.16.6.31,8218.908237457275,0,1,0.00508427619934082,"19_lambda_reg=0.0001,learning_rate=0.0002",0.3,False,64,5000,True,0.00015248943604811256,0.00011321928745583206,,1.0,0.1,"[1.0, 0.9, 0.8, 0.7]",4
a3ecc_00020,2.806666666666666,84.2,0.8444444444444444,0.26703611669536903,0.732963883304631,0.784185756311085,0.9064444444444444,0.07805555555555554,0.0007595062255859375,0.9503271604938271,1185.3249725698,2.0,30.0,1000.0,0.3,0.0,64.0,5000.0,1.0,0.00040428420092599273,0.0022808562925464666,1.0,0.1,4.0,5918.751358270645,True,,,1,7561bafdd07849efba31f31214153609,2023-05-19_20-32-32,1684521152,5918.751358270645,390967,c31,172.16.6.31,5918.751358270645,0,1,0.00573420524597168,"20_lambda_reg=0.0023,learning_rate=0.0004",0.3,False,64,5000,True,0.0004042842009259928,0.0022808562925464666,,1.0,0.1,"[1.0, 0.9, 0.8, 0.7]",4
a3ecc_00021,4.9,147.0,0.3177777777777778,0.2874907200231799,0.7125092799768202,0.4375046155968022,0.8366666666666667,0.033611111111111126,8.35418701171875e-05,0.640871913580247,1585.6910580682002,2.0,30.0,1000.0,0.3,0.0,64.0,5000.0,1.0,0.00046167223896921155,0.09681701813744834,1.0,0.1,4.0,7916.224135398865,True,,,1,a723102a55664b6faa3c3d53d67f92f7,2023-05-19_21-05-55,1684523155,7916.224135398865,391031,c31,172.16.6.31,7916.224135398865,0,1,0.0058362483978271484,"21_lambda_reg=0.0968,learning_rate=0.0005",0.3,False,64,5000,True,0.0004616722389692116,0.09681701813744834,,1.0,0.1,"[1.0, 0.9, 0.8, 0.7]",4
a3ecc_00022,4.786666666666667,143.6,0.4822222222222222,0.3598219278525093,0.6401780721474907,0.5487365351579288,0.8404444444444443,0.06999999999999999,0.000128936767578125,0.7125478395061728,1639.8630813354,2.0,30.0,1000.0,0.3,0.0,64.0,5000.0,1.0,0.00016533822170618472,0.033401386213422674,1.0,0.1,4.0,8188.634856939316,True,,,1,770c92773e6641f89fcaccf3f94ac05a,2023-05-19_21-10-33,1684523433,8188.634856939316,391094,c31,172.16.6.31,8188.634856939316,0,1,0.00745391845703125,"22_lambda_reg=0.0334,learning_rate=0.0002",0.3,False,64,5000,True,0.00016533822170618472,0.033401386213422674,,1.0,0.1,"[1.0, 0.9, 0.8, 0.7]",4
a3ecc_00023,3.706666666666667,111.2,0.8555555555555555,0.3556330379075818,0.6443669620924182,0.7349175985871621,0.8764444444444445,0.11833333333333336,0.0004352569580078125,0.940692901234568,1387.3401958726001,2.0,30.0,1000.0,0.3,0.0,64.0,5000.0,1.0,0.00016715061028676158,0.00013304447930554184,1.0,0.1,4.0,6929.0443234443665,True,,,1,5e0f8f663b734696be3019393b52f018,2023-05-19_20-49-39,1684522179,6929.0443234443665,391158,c31,172.16.6.31,6929.0443234443665,0,1,0.005003690719604492,"23_lambda_reg=0.0001,learning_rate=0.0002",0.3,False,64,5000,True,0.00016715061028676158,0.00013304447930554184,,1.0,0.1,"[1.0, 0.9, 0.8, 0.7]",4
a3ecc_00024,3.513333333333333,105.4,0.8800000000000001,0.33995762059686885,0.6600423794031313,0.7529496880220263,0.8828888888888888,0.11638888888888888,0.0001407623291015625,0.9484938271604937,1229.2092862260001,2.0,30.0,1000.0,0.3,0.0,64.0,5000.0,1.0,0.0008420764403684184,0.0001239027672553559,1.0,0.1,4.0,6139.152855157852,True,,,1,367fead7727c47e5948cb727038a6425,2023-05-19_20-36-35,1684521395,6139.152855157852,391222,c31,172.16.6.31,6139.152855157852,0,1,0.005280971527099609,"24_lambda_reg=0.0001,learning_rate=0.0008",0.3,False,64,5000,True,0.0008420764403684184,0.0001239027672553559,,1.0,0.1,"[1.0, 0.9, 0.8, 0.7]",4
a3ecc_00025,3.3,99.0,0.8722222222222221,0.32535076574648203,0.674649234253518,0.7607424187969902,0.89,0.10555555555555554,0.0001789093017578125,0.9490725308641977,1499.5703399896001,2.0,30.0,1000.0,0.3,0.0,64.0,5000.0,1.0,0.00017939518769387078,0.0010800775377216667,1.0,0.1,4.0,7489.038734674454,True,,,1,f1a71c300f6444ed83cb373d96d64fd7,2023-05-19_20-59-10,1684522750,7489.038734674454,391285,c31,172.16.6.31,7489.038734674454,0,1,0.004498720169067383,"25_lambda_reg=0.0011,learning_rate=0.0002",0.3,False,64,5000,True,0.00017939518769387078,0.0010800775377216667,,1.0,0.1,"[1.0, 0.9, 0.8, 0.7]",4
a3ecc_00026,4.586666666666667,137.6,0.6077777777777778,0.3736148890687329,0.626385110931267,0.6160402641786478,0.8471111111111111,0.09305555555555556,0.0004184722900390625,0.833621913580247,1536.7765536312002,2.0,30.0,1000.0,0.3,0.0,64.0,5000.0,1.0,0.0003595684290053458,0.01190590277703248,1.0,0.1,4.0,7672.33757185936,True,,,1,fa6aa3e29c3b429db0d414eaa0a68dbd,2023-05-19_21-02-19,1684522939,7672.33757185936,391349,c31,172.16.6.31,7672.33757185936,0,1,0.004796028137207031,"26_lambda_reg=0.0119,learning_rate=0.0004",0.3,False,64,5000,True,0.0003595684290053458,0.01190590277703248,,1.0,0.1,"[1.0, 0.9, 0.8, 0.7]",4
a3ecc_00027,4.626666666666667,138.8,0.8133333333333332,0.4167008957149322,0.5832991042850678,0.6792108807463908,0.8457777777777779,0.1461111111111111,0.000182342529296875,0.9144814814814815,1541.4348458,2.0,30.0,1000.0,0.3,0.0,64.0,5000.0,1.0,0.00020317816913513308,0.0001833683800530991,1.0,0.1,4.0,7696.927432775497,True,,,1,c9ce36c3ac30432da86b1c7cf6e8dd6e,2023-05-19_21-02-50,1684522970,7696.927432775497,391411,c31,172.16.6.31,7696.927432775497,0,1,0.00455021858215332,"27_lambda_reg=0.0002,learning_rate=0.0002",0.3,False,64,5000,True,0.00020317816913513308,0.0001833683800530991,,1.0,0.1,"[1.0, 0.9, 0.8, 0.7]",4
a3ecc_00028,4.973333333333334,149.2,0.37555555555555553,0.3475884669523886,0.6524115330476115,0.4756742400993626,0.8342222222222222,0.051111111111111086,0.000231170654296875,0.6475802469135802,1601.4677939236003,2.0,30.0,1000.0,0.3,0.0,64.0,5000.0,1.0,0.00036724680070379916,0.06662299882828368,1.0,0.1,4.0,7997.410104513168,True,,,1,960a841f737648bda1c5213115cc6973,2023-05-19_21-07-56,1684523276,7997.410104513168,391475,c31,172.16.6.31,7997.410104513168,0,1,0.0060541629791259766,"28_lambda_reg=0.0666,learning_rate=0.0004",0.3,False,64,5000,True,0.00036724680070379916,0.06662299882828368,,1.0,0.1,"[1.0, 0.9, 0.8, 0.7]",4
a3ecc_00029,2.46,73.8,0.9122222222222222,0.2566165556519315,0.7433834443480685,0.818232070293257,0.9179999999999999,0.08055555555555556,0.0001399993896484375,0.9677222222222222,1278.3841575314002,2.0,30.0,1000.0,0.3,0.0,64.0,5000.0,1.0,0.0006588081118406889,0.0002640065460921037,1.0,0.1,4.0,6384.011118650436,True,,,1,3b09f768b6f54b2abd874a7f7354891d,2023-05-19_20-41-09,1684521669,6384.011118650436,391538,c31,172.16.6.31,6384.011118650436,0,1,0.004899501800537109,"29_lambda_reg=0.0003,learning_rate=0.0007",0.3,False,64,5000,True,0.0006588081118406889,0.0002640065460921037,,1.0,0.1,"[1.0, 0.9, 0.8, 0.7]",4
a3ecc_00030,4.1466666666666665,124.4,0.8344444444444445,0.3821490143990188,0.6178509856009813,0.7092289119262221,0.8617777777777779,0.1313888888888889,0.0030811309814453127,0.9245972222222223,1414.3253585633997,2.0,30.0,1000.0,0.3,0.0,64.0,5000.0,1.0,0.00024238376538542023,0.0004913550493608975,1.0,0.1,4.0,7061.640684127808,True,,,1,bb1f016e1bc74f34933a5a90d2e9aa68,2023-05-19_20-52-33,1684522353,7061.640684127808,391602,c31,172.16.6.31,7061.640684127808,0,1,0.004966259002685547,"30_lambda_reg=0.0005,learning_rate=0.0002",0.3,False,64,5000,True,0.00024238376538542023,0.0004913550493608975,,1.0,0.1,"[1.0, 0.9, 0.8, 0.7]",4
a3ecc_00031,3.126666666666667,93.8,0.8155555555555555,0.29112768265885614,0.708872317341144,0.7581204725509207,0.8957777777777778,0.08416666666666665,0.0005031585693359375,0.9356188271604939,1310.7102081738,2.0,30.0,1000.0,0.3,0.0,64.0,5000.0,1.0,0.00013968090004334928,0.003709788680119474,1.0,0.1,4.0,6547.0932331085205,True,,,1,a6e6678fb05c4010a053ee6ef2141f89,2023-05-19_20-44-05,1684521845,6547.0932331085205,391665,c31,172.16.6.31,6547.0932331085205,0,1,0.004800081253051758,"31_lambda_reg=0.0037,learning_rate=0.0001",0.3,False,64,5000,True,0.00013968090004334928,0.0037097886801194736,,1.0,0.1,"[1.0, 0.9, 0.8, 0.7]",4
a3ecc_00032,3.986666666666667,119.6,0.8144444444444444,0.36615390081404886,0.633846099185951,0.7121301556880166,0.8671111111111113,0.11972222222222222,0.00041351318359375,0.9260725308641977,1479.0847974225999,2.0,30.0,1000.0,0.3,0.0,64.0,5000.0,1.0,0.00011744392390399185,0.001125596695441389,1.0,0.1,4.0,7386.885101556778,True,,,1,1410a7c8215b4c079cc02da3b62aa97b,2023-05-19_20-58-11,1684522691,7386.885101556778,391730,c31,172.16.6.31,7386.885101556778,0,1,0.006327629089355469,"32_lambda_reg=0.0011,learning_rate=0.0001",0.3,False,64,5000,True,0.00011744392390399185,0.001125596695441389,,1.0,0.1,"[1.0, 0.9, 0.8, 0.7]",4
a3ecc_00033,4.006666666666667,120.2,0.8255555555555555,0.3722365401162102,0.6277634598837898,0.7127159725753016,0.8664444444444446,0.12333333333333334,0.000492095947265625,0.9311496913580246,1382.0055834848,2.0,30.0,1000.0,0.3,0.0,64.0,5000.0,1.0,0.00036231605851602656,0.0010386640531271014,1.0,0.1,4.0,6901.103954792023,True,,,1,0e497aba95414c18b06541e484faf231,2023-05-19_20-50-13,1684522213,6901.103954792023,391809,c31,172.16.6.31,6901.103954792023,0,1,0.005569934844970703,"33_lambda_reg=0.0010,learning_rate=0.0004",0.3,False,64,5000,True,0.00036231605851602656,0.0010386640531271014,,1.0,0.1,"[1.0, 0.9, 0.8, 0.7]",4
a3ecc_00034,4.566666666666666,137.0,0.821111111111111,0.4118154233429663,0.5881845766570337,0.6849028662239943,0.8477777777777777,0.14555555555555555,0.000290679931640625,0.911516975308642,1453.2980545728,2.0,30.0,1000.0,0.3,0.0,64.0,5000.0,1.0,0.0005322482981655255,0.0006241756240533938,1.0,0.1,4.0,7257.6608102321625,True,,,1,e17777d273254673910360544b003978,2023-05-19_20-56-17,1684522577,7257.6608102321625,391873,c31,172.16.6.31,7257.6608102321625,0,1,0.004459857940673828,"34_lambda_reg=0.0006,learning_rate=0.0005",0.3,False,64,5000,True,0.0005322482981655255,0.0006241756240533938,,1.0,0.1,"[1.0, 0.9, 0.8, 0.7]",4
a3ecc_00035,3.5,105.0,0.8811111111111112,0.3364197840172375,0.6635802159827625,0.7554172274472861,0.8833333333333334,0.1161111111111111,0.000121307373046875,0.9472962962962963,1299.0848517291997,2.0,30.0,1000.0,0.3,0.0,64.0,5000.0,1.0,0.0003752141458100865,0.00032153725400004235,1.0,0.1,4.0,6486.358472108841,True,,,1,88cc2628895d4e7cb74227d491a65dca,2023-05-19_20-43-31,1684521811,6486.358472108841,391947,c31,172.16.6.31,6486.358472108841,0,1,0.0038940906524658203,"35_lambda_reg=0.0003,learning_rate=0.0004",0.3,False,64,5000,True,0.0003752141458100865,0.00032153725400004235,,1.0,0.1,"[1.0, 0.9, 0.8, 0.7]",4
a3ecc_00036,3.753333333333333,112.6,0.72,0.3063256340078957,0.6936743659921042,0.7026242501805079,0.8748888888888888,0.08638888888888889,0.0001155853271484375,0.8928703703703704,1503.3962083704002,2.0,30.0,1000.0,0.3,0.0,64.0,5000.0,1.0,0.000953051213059957,0.008192528827054442,1.0,0.1,4.0,7507.420311450958,True,,,1,a8e3aa7a140d4014a6e7c33a0a23b38b,2023-05-19_21-00-39,1684522839,7507.420311450958,392010,c31,172.16.6.31,7507.420311450958,0,1,0.005583286285400391,"36_lambda_reg=0.0082,learning_rate=0.0010",0.3,False,64,5000,True,0.0009530512130599572,0.008192528827054442,,1.0,0.1,"[1.0, 0.9, 0.8, 0.7]",4
a3ecc_00037,3.066666666666667,92.0,0.7233333333333333,0.2447333959379681,0.7552666040620319,0.7387736925507539,0.8977777777777778,0.0586111111111111,9.6893310546875e-05,0.8920015432098765,1328.3506427406,2.0,30.0,1000.0,0.3,0.0,64.0,5000.0,1.0,0.00027854469746500744,0.010426992022891882,1.0,0.1,4.0,6632.971839904785,True,,,1,2c388e8321ff400ea09f6194137207b3,2023-05-19_20-46-11,1684521971,6632.971839904785,392074,c31,172.16.6.31,6632.971839904785,0,1,0.005331516265869141,"37_lambda_reg=0.0104,learning_rate=0.0003",0.3,False,64,5000,True,0.00027854469746500744,0.010426992022891882,,1.0,0.1,"[1.0, 0.9, 0.8, 0.7]",4
a3ecc_00038,4.013333333333334,120.4,0.8433333333333334,0.37437572969957367,0.6256242703004263,0.7175923452297559,0.8662222222222222,0.12805555555555556,0.0002216339111328125,0.929770061728395,1386.0333802536002,2.0,30.0,1000.0,0.3,0.0,64.0,5000.0,1.0,0.00022887509716371817,0.0006386750013066548,1.0,0.1,4.0,6922.383081197739,True,,,1,3731af797d9148c19870431fb0e6ac64,2023-05-19_20-51-06,1684522266,6922.383081197739,392137,c31,172.16.6.31,6922.383081197739,0,1,0.004446268081665039,"38_lambda_reg=0.0006,learning_rate=0.0002",0.3,False,64,5000,True,0.00022887509716371817,0.0006386750013066548,,1.0,0.1,"[1.0, 0.9, 0.8, 0.7]",4
a3ecc_00039,3.6199999999999997,108.6,0.8377777777777778,0.33722269306501135,0.6627773069349887,0.7385063147320453,0.8793333333333333,0.11027777777777777,9.88006591796875e-05,0.9414768518518517,1336.0361417916,2.0,30.0,1000.0,0.3,0.0,64.0,5000.0,1.0,0.0009235481360097329,0.0007976267521255752,1.0,0.1,4.0,6672.394623041153,True,,,1,aa961190dd75456f90b4cbcf1645e88e,2023-05-19_20-47-03,1684522023,6672.394623041153,392201,c31,172.16.6.31,6672.394623041153,0,1,0.006371498107910156,"39_lambda_reg=0.0008,learning_rate=0.0009",0.3,False,64,5000,True,0.0009235481360097328,0.0007976267521255753,,1.0,0.1,"[1.0, 0.9, 0.8, 0.7]",4
a3ecc_00040,3.7,111.0,0.73,0.32103028959842084,0.6789697104015793,0.7033923831685793,0.8766666666666667,0.08666666666666667,0.0001068115234375,0.8931898148148149,1528.6065933476,2.0,30.0,1000.0,0.3,0.0,64.0,5000.0,1.0,0.000131841601412943,0.0077515315931395105,1.0,0.1,4.0,7632.871940374374,True,,,1,c99c1c7889c74871bbd64b53e8639ed5,2023-05-19_21-03-10,1684522990,7632.871940374374,392266,c31,172.16.6.31,7632.871940374374,0,1,0.004979133605957031,"40_lambda_reg=0.0078,learning_rate=0.0001",0.3,False,64,5000,True,0.000131841601412943,0.0077515315931395105,,1.0,0.1,"[1.0, 0.9, 0.8, 0.7]",4
a3ecc_00041,4.186666666666667,125.6,0.7666666666666666,0.3692240454445737,0.6307759545554263,0.6905627748055259,0.8604444444444445,0.11611111111111112,0.000528717041015625,0.9016342592592593,1471.0826580446,2.0,30.0,1000.0,0.3,0.0,64.0,5000.0,1.0,0.0002113798393723366,0.004763124861283081,1.0,0.1,4.0,7344.724754333496,True,,,1,bb4118e456de4aeb889307712e9a6a3d,2023-05-19_20-58-28,1684522708,7344.724754333496,392330,c31,172.16.6.31,7344.724754333496,0,1,0.004165172576904297,"41_lambda_reg=0.0048,learning_rate=0.0002",0.3,False,64,5000,True,0.0002113798393723366,0.004763124861283081,,1.0,0.1,"[1.0, 0.9, 0.8, 0.7]",4
a3ecc_00042,3.56,106.8,0.6822222222222223,0.28286977301981986,0.7171302269801801,0.6987192327939212,0.8813333333333333,0.06888888888888889,0.000202178955078125,0.8792777777777779,1455.0184859354,2.0,30.0,1000.0,0.3,0.0,64.0,5000.0,1.0,0.0006338652668264284,0.012485645652810705,1.0,0.1,4.0,7266.791674613953,True,,,1,5f87024a8bac4ef18fcb4e2e0de58180,2023-05-19_20-57-17,1684522637,7266.791674613953,392394,c31,172.16.6.31,7266.791674613953,0,1,0.005338430404663086,"42_lambda_reg=0.0125,learning_rate=0.0006",0.3,False,64,5000,True,0.0006338652668264284,0.012485645652810705,,1.0,0.1,"[1.0, 0.9, 0.8, 0.7]",4
a3ecc_00043,5.013333333333334,150.4,0.3666666666666667,0.3504823289346478,0.6495176710653522,0.4680448068588269,0.8328888888888889,0.050555555555555555,0.000258636474609375,0.6521003086419752,1559.8586325036,2.0,30.0,1000.0,0.3,0.0,64.0,5000.0,1.0,0.000267303343662718,0.07766105949061582,1.0,0.1,4.0,7789.144685506821,True,,,1,4560897e967844989e6a9cb4eda8b108,2023-05-19_21-06-06,1684523166,7789.144685506821,392456,c31,172.16.6.31,7789.144685506821,0,1,0.006052255630493164,"43_lambda_reg=0.0777,learning_rate=0.0003",0.3,False,64,5000,True,0.000267303343662718,0.07766105949061582,,1.0,0.1,"[1.0, 0.9, 0.8, 0.7]",4
a3ecc_00044,3.78,113.4,0.8055555555555556,0.3405999026968688,0.6594000973031312,0.7235482153887963,0.874,0.1088888888888889,0.0002277374267578125,0.9272638888888889,1436.8860506629999,2.0,30.0,1000.0,0.3,0.0,64.0,5000.0,1.0,0.0001934892023710285,0.0021886783529125576,1.0,0.1,4.0,7173.944819927216,True,,,1,fb0790fbe0214e2abb2d3fd9f1926348,2023-05-19_20-55-58,1684522558,7173.944819927216,392521,c31,172.16.6.31,7173.944819927216,0,1,0.005362272262573242,"44_lambda_reg=0.0022,learning_rate=0.0002",0.3,False,64,5000,True,0.0001934892023710285,0.0021886783529125576,,1.0,0.1,"[1.0, 0.9, 0.8, 0.7]",4
a3ecc_00045,4.126666666666667,123.8,0.4688888888888889,0.24851649831649833,0.7514835016835016,0.5766146374509857,0.8624444444444445,0.03916666666666666,0.0001087188720703125,0.7536512345679012,1419.6593785536002,2.0,30.0,1000.0,0.3,0.0,64.0,5000.0,1.0,0.0008023753806389762,0.052257665370514475,1.0,0.1,4.0,7089.443757534027,True,,,1,9cab03699d6d451294c2e6c23b92daed,2023-05-19_20-54-40,1684522480,7089.443757534027,392583,c31,172.16.6.31,7089.443757534027,0,1,0.0049135684967041016,"45_lambda_reg=0.0523,learning_rate=0.0008",0.3,False,64,5000,True,0.0008023753806389762,0.052257665370514475,,1.0,0.1,"[1.0, 0.9, 0.8, 0.7]",4
a3ecc_00046,2.533333333333333,76.0,0.8811111111111112,0.24994506841697128,0.7500549315830287,0.8093813448869313,0.9155555555555557,0.07583333333333335,0.000112152099609375,0.9604151234567901,1151.935676835,2.0,30.0,1000.0,0.3,0.0,64.0,5000.0,1.0,0.0009951827174142028,0.001463712800421706,1.0,0.1,4.0,5753.938621997833,True,,,1,7fbe7d233cea44f68c2b3a104639a1a8,2023-05-19_20-32-32,1684521152,5753.938621997833,392647,c31,172.16.6.31,5753.938621997833,0,1,0.006205320358276367,"46_lambda_reg=0.0015,learning_rate=0.0010",0.3,False,64,5000,True,0.0009951827174142028,0.001463712800421706,,1.0,0.1,"[1.0, 0.9, 0.8, 0.7]",4
a3ecc_00047,4.046666666666667,121.4,0.8377777777777778,0.3719287984532846,0.6280712015467154,0.7162872483394656,0.8651111111111112,0.12805555555555556,0.0011417388916015625,0.929280864197531,1382.8062336128003,2.0,30.0,1000.0,0.3,0.0,64.0,5000.0,1.0,0.0008759189064951048,0.00010940132075531001,1.0,0.1,4.0,6906.179755926132,True,,,1,f474a184bf414ce1ba8d9102f7b1d8b8,2023-05-19_20-51-51,1684522311,6906.179755926132,392710,c31,172.16.6.31,6906.179755926132,0,1,0.006320476531982422,"47_lambda_reg=0.0001,learning_rate=0.0009",0.3,False,64,5000,True,0.0008759189064951048,0.00010940132075531003,,1.0,0.1,"[1.0, 0.9, 0.8, 0.7]",4
a3ecc_00048,4.873333333333333,146.2,0.8122222222222222,0.4345761506048875,0.5654238493951126,0.6666101587576324,0.8375555555555554,0.1561111111111111,0.000788116455078125,0.9053333333333334,1571.0812053132,2.0,30.0,1000.0,0.3,0.0,64.0,5000.0,1.0,0.00012275875342025893,0.00016568893883212268,1.0,0.1,4.0,7844.883374214172,True,,,1,ebbe8d48b9b9437b844323cdcf7a5a58,2023-05-19_21-07-37,1684523257,7844.883374214172,392773,c31,172.16.6.31,7844.883374214172,0,1,0.0064198970794677734,"48_lambda_reg=0.0002,learning_rate=0.0001",0.3,False,64,5000,True,0.00012275875342025893,0.00016568893883212268,,1.0,0.1,"[1.0, 0.9, 0.8, 0.7]",4
a3ecc_00049,5.486666666666666,164.6,0.7233333333333334,0.46786356370881543,0.5321364362911845,0.6130575319925691,0.8171111111111111,0.15944444444444444,0.00318756103515625,0.8764768518518519,1510.454910088,2.0,30.0,1000.0,0.3,0.0,64.0,5000.0,1.0,0.0004662594988285952,0.0017875155414920174,1.0,0.1,4.0,7541.004606962204,True,,,1,0258337c5a894cc1986187ab430fe275,2023-05-19_21-02-41,1684522961,7541.004606962204,392837,c31,172.16.6.31,7541.004606962204,0,1,0.006094932556152344,"49_lambda_reg=0.0018,learning_rate=0.0005",0.3,False,64,5000,True,0.00046625949882859525,0.0017875155414920176,,1.0,0.1,"[1.0, 0.9, 0.8, 0.7]",4
