trial_id,eval/NHD,eval/SHD,eval/TPR,eval/FDR,eval/PPV,eval/F1,eval/ACC,eval/FPR,eval/dagness,eval/roc_auc,eval/time,eval/priority_l2_norm,eval/priority_diff_mean,eval/priority_diff_std,exp/iter,dset/nodes,dset/samples,hparam/threshold,hparam/force_dag,hparam/batch_size,hparam/max_epochs,hparam/early_stop,hparam/learning_rate,hparam/l1_adj_reg,hparam/l2_adj_reg,hparam/priority_reg,hparam/init_temperature,hparam/temperature,hparam/shift,hparam/hard_threshold,hparam/symmetric,time_this_iter_s,done,timesteps_total,episodes_total,training_iteration,experiment_id,date,timestamp,time_total_s,pid,hostname,node_ip,time_since_restore,timesteps_since_restore,iterations_since_restore,warmup_time,experiment_tag,config/threshold,config/force_dag,config/batch_size,config/max_epochs,config/early_stop,config/learning_rate,config/l1_adj_reg,config/l2_adj_reg,config/priority_reg,config/hidden_size,config/init_temperature,config/temperature,config/shift,config/hard_threshold,config/anneal,config/symmetric
0459b_00000,4.247999999999999,2124.0,0.8046000000000001,0.47451699799773345,0.5254830020022665,0.6255298349864503,0.9915039999999999,0.006988709677419358,0.0,0.9339846320564515,2643.2601431390003,29.562549591064453,0.7904606461524963,0.6642595529556274,2.0,500.0,1000.0,0.3,0.0,64.0,2000.0,0.0,0.009708718089299974,0.0006723913753155379,0.0010374027771666281,0.002130653576086725,0.45,0.0006669970548279808,0.006202663135748634,0.0,0.0,13277.530332565308,True,,,1,413378049d89459e9fa840baf5c6f93b,2023-05-13_14-16-11,1683980171,13277.530332565308,454284,c08,172.16.6.8,13277.530332565308,0,1,0.005299091339111328,"0_l1_adj_reg=0.0007,l2_adj_reg=0.0010,learning_rate=0.0097,priority_reg=0.0021,shift=0.0062,temperature=0.0007",0.3,False,64,2000,False,0.009708718089299974,0.0006723913753155379,0.0010374027771666281,0.002130653576086725,,0.45,0.0006669970548279808,0.006202663135748634,False,cosine,False
0459b_00001,3.1231999999999998,1561.6,0.9364000000000001,0.4037924415815411,0.596207558418459,0.7213147153860853,0.9937536000000001,0.0057838709677419334,0.0,0.9826515264112903,2511.222118141,12.860063552856445,0.28657346963882446,0.28735876083374023,2.0,500.0,1000.0,0.3,0.0,64.0,2000.0,0.0,0.0029411124165529476,0.00012620188643638913,0.0010155041757178237,0.001381785658443437,0.45,0.0008312499323780956,0.0063789675229674395,0.0,0.0,12600.567931890488,True,,,1,90632b70fbfd4c1d81185d7bd66d1aeb,2023-05-13_14-04-59,1683979499,12600.567931890488,454364,c08,172.16.6.8,12600.567931890488,0,1,0.005759716033935547,"1_l1_adj_reg=0.0001,l2_adj_reg=0.0010,learning_rate=0.0029,priority_reg=0.0014,shift=0.0064,temperature=0.0008",0.3,False,64,2000,False,0.0029411124165529476,0.00012620188643638913,0.0010155041757178237,0.001381785658443437,,0.45,0.0008312499323780956,0.0063789675229674395,False,cosine,False
0459b_00002,4.7788,2389.4,0.8199,0.5308797481545093,0.4691202518454906,0.5922872613653203,0.9904423999999998,0.008182258064516135,0.0,0.9302991215725805,2443.103077848,22.092395782470703,0.5899075269699097,0.4426875114440918,2.0,500.0,1000.0,0.3,0.0,64.0,2000.0,0.0,0.003194074479836196,0.00037225455066430097,0.0030099340267100414,0.0010038966046985148,0.45,0.0005018701148615834,0.010799237251626669,0.0,0.0,12262.631353616714,True,,,1,a97cb7dbcbd5444687c2f8ed7ddc221d,2023-05-13_13-59-26,1683979166,12262.631353616714,454427,c08,172.16.6.8,12262.631353616714,0,1,0.005295276641845703,"2_l1_adj_reg=0.0004,l2_adj_reg=0.0030,learning_rate=0.0032,priority_reg=0.0010,shift=0.0108,temperature=0.0005",0.3,False,64,2000,False,0.0031940744798361963,0.00037225455066430097,0.0030099340267100414,0.0010038966046985148,,0.45,0.0005018701148615834,0.010799237251626669,False,cosine,False
0459b_00003,4.976,2488.0,0.9017999999999999,0.5452855576845108,0.4547144423154892,0.6009493773188248,0.990048,0.009240322580645177,0.0,0.9675848411290323,2459.2407121784004,13.488271713256836,0.2620016932487488,0.2476750910282135,2.0,500.0,1000.0,0.3,0.0,64.0,2000.0,0.0,0.0032074312996824574,0.00010926974619476269,0.0012917553000771388,0.002391457224966104,0.45,0.0006283780535908873,0.00819476869819193,0.0,0.0,12346.013414144516,True,,,1,015dbc34b8e241c88ffe8206a07a7da5,2023-05-13_14-00-49,1683979249,12346.013414144516,454429,c08,172.16.6.8,12346.013414144516,0,1,0.005017280578613281,"3_l1_adj_reg=0.0001,l2_adj_reg=0.0013,learning_rate=0.0032,priority_reg=0.0024,shift=0.0082,temperature=0.0006",0.3,False,64,2000,False,0.0032074312996824574,0.00010926974619476269,0.0012917553000771388,0.002391457224966104,,0.45,0.0006283780535908873,0.00819476869819193,False,cosine,False
0459b_00004,5.0287999999999995,2514.4,0.8782,0.535810421215992,0.4641895787840079,0.6011493359509806,0.9899424,0.009156451612903216,0.0,0.9449342657258064,2428.0068333356,23.326231002807617,0.5530067086219788,0.5153370499610901,2.0,500.0,1000.0,0.3,0.0,64.0,2000.0,0.0,0.009565229368753368,0.00011243817141041745,0.003197659739235803,0.0018990118478834465,0.45,0.0008398457939956365,0.012947362114571936,0.0,0.0,12187.414363145828,True,,,1,5bfb92c7aa9d4416b3ed2c92cd8672fa,2023-05-13_13-58-11,1683979091,12187.414363145828,454431,c08,172.16.6.8,12187.414363145828,0,1,0.005281925201416016,"4_l1_adj_reg=0.0001,l2_adj_reg=0.0032,learning_rate=0.0096,priority_reg=0.0019,shift=0.0129,temperature=0.0008",0.3,False,64,2000,False,0.009565229368753368,0.00011243817141041745,0.003197659739235803,0.0018990118478834465,,0.45,0.0008398457939956364,0.012947362114571936,False,cosine,False
0459b_00005,2.8880000000000003,1444.0,0.7833,0.36908396122391957,0.6309160387760804,0.6945656883099949,0.994224,0.004075000000000007,0.0,0.9185976344758064,2464.1989019654,25.43422508239746,0.7735491394996643,0.5597440004348755,2.0,500.0,1000.0,0.3,0.0,64.0,2000.0,0.0,0.004173038543480168,0.0007036216404278869,0.004520677265288067,0.0016747314087176162,0.45,0.0006089274864654251,0.005221840816908253,0.0,0.0,12367.486513376236,True,,,1,80de9371ee5a463688afd1b2bd7d7868,2023-05-13_14-01-11,1683979271,12367.486513376236,454433,c08,172.16.6.8,12367.486513376236,0,1,0.005678415298461914,"5_l1_adj_reg=0.0007,l2_adj_reg=0.0045,learning_rate=0.0042,priority_reg=0.0017,shift=0.0052,temperature=0.0006",0.3,False,64,2000,False,0.004173038543480168,0.0007036216404278869,0.004520677265288067,0.0016747314087176162,,0.45,0.0006089274864654251,0.005221840816908253,False,cosine,False
0459b_00006,6.3576,3178.8,0.8381000000000001,0.5907676340779983,0.4092323659220017,0.5408488429599894,0.9872848,0.011512096774193537,0.0,0.946122716935484,2486.7310694128,20.565048217773438,0.4998047351837158,0.4463074803352356,2.0,500.0,1000.0,0.3,0.0,64.0,2000.0,0.0,0.006935213579828327,0.00021032540586822952,0.004311411263324957,0.0025911212805070326,0.45,0.0007976581670392647,0.00913961903419156,0.0,0.0,12493.09976696968,True,,,1,b6e0b248357f435abd27f93a1da8b753,2023-05-13_14-03-22,1683979402,12493.09976696968,454690,c08,172.16.6.8,12493.09976696968,0,1,0.0064373016357421875,"6_l1_adj_reg=0.0002,l2_adj_reg=0.0043,learning_rate=0.0069,priority_reg=0.0026,shift=0.0091,temperature=0.0008",0.3,False,64,2000,False,0.006935213579828327,0.00021032540586822952,0.004311411263324957,0.0025911212805070326,,0.45,0.0007976581670392647,0.00913961903419156,False,cosine,False
0459b_00007,4.1796,2089.8,0.8023999999999999,0.5101162497801385,0.48988375021986164,0.6074777860521727,0.9916408000000001,0.006833064516129017,0.0,0.9158753078629033,2263.2838981704,16.812929153442383,0.535643458366394,0.3992083668708801,2.0,500.0,1000.0,0.3,0.0,64.0,2000.0,0.0,0.0016088843062031974,0.0004507768497724756,0.001249654266032749,0.0012163019956790279,0.45,0.0005069887384399455,0.01992689048394977,0.0,0.0,11434.74265384674,True,,,1,9bf8c8bba2e9481fb2432058cabb2cf6,2023-05-13_13-45-43,1683978343,11434.74265384674,454693,c08,172.16.6.8,11434.74265384674,0,1,0.006166934967041016,"7_l1_adj_reg=0.0005,l2_adj_reg=0.0012,learning_rate=0.0016,priority_reg=0.0012,shift=0.0199,temperature=0.0005",0.3,False,64,2000,False,0.0016088843062031977,0.0004507768497724756,0.001249654266032749,0.0012163019956790279,,0.45,0.0005069887384399455,0.01992689048394977,False,cosine,False
0459b_00008,2.2748,1137.4,0.8625,0.32886361821584936,0.6711363817841507,0.7537393824587281,0.9954504000000002,0.0034774193548386956,0.0,0.9540156917338709,2511.0049233388,22.94834327697754,0.5826057195663452,0.5301674604415894,2.0,500.0,1000.0,0.3,0.0,64.0,2000.0,0.0,0.008928223386902462,0.0005511571886822282,0.0010791865894366267,0.002656861083837163,0.45,0.0007937226973484758,0.006176652404911637,0.0,0.0,12609.265799283981,True,,,1,7808399dee7a4497aef3f9a4c8d6e890,2023-05-13_14-05-18,1683979518,12609.265799283981,454695,c08,172.16.6.8,12609.265799283981,0,1,0.006456851959228516,"8_l1_adj_reg=0.0006,l2_adj_reg=0.0011,learning_rate=0.0089,priority_reg=0.0027,shift=0.0062,temperature=0.0008",0.3,False,64,2000,False,0.008928223386902462,0.0005511571886822282,0.0010791865894366267,0.002656861083837163,,0.45,0.0007937226973484759,0.006176652404911637,False,cosine,False
0459b_00009,3.6396,1819.8,0.7158,0.46048148391389754,0.5395185160861025,0.6137943964476784,0.9927208000000001,0.005045967741935509,0.0,0.9022146491935483,2658.4926565923997,25.867794036865234,0.6981454491615295,0.5121438503265381,2.0,500.0,1000.0,0.3,0.0,64.0,2000.0,0.0,0.003983676918065365,0.0009858246694426222,0.0025808075116596726,0.00257181605656548,0.45,0.0005266748897941567,0.005360937063755611,0.0,0.0,13343.726682186127,True,,,1,12f3a8f1b07f4a5a94d07e2304d9d131,2023-05-13_14-17-33,1683980253,13343.726682186127,454697,c08,172.16.6.8,13343.726682186127,0,1,0.0061686038970947266,"9_l1_adj_reg=0.0010,l2_adj_reg=0.0026,learning_rate=0.0040,priority_reg=0.0026,shift=0.0054,temperature=0.0005",0.3,False,64,2000,False,0.003983676918065365,0.0009858246694426222,0.0025808075116596726,0.00257181605656548,,0.45,0.0005266748897941567,0.005360937063755611,False,cosine,False
0459b_00010,4.473999999999999,2237.0,0.8869999999999999,0.5211928788225659,0.47880712117743407,0.6189695641301332,0.991052,0.008108870967741932,0.0,0.9526049046370968,2226.2005305142,20.04363441467285,0.4503205418586731,0.41167181730270386,2.0,500.0,1000.0,0.3,0.0,64.0,2000.0,0.0,0.006601671339215666,0.0001956699942762884,0.0012011313088111767,0.0019499212105025475,0.45,0.0005242121933804253,0.009516273645392804,0.0,0.0,11237.444853544235,True,,,1,50da62e0d56c48fa8238113e96b00f83,2023-05-13_13-42-32,1683978152,11237.444853544235,454942,c08,172.16.6.8,11237.444853544235,0,1,0.007148265838623047,"10_l1_adj_reg=0.0002,l2_adj_reg=0.0012,learning_rate=0.0066,priority_reg=0.0019,shift=0.0095,temperature=0.0005",0.3,False,64,2000,False,0.006601671339215666,0.0001956699942762884,0.0012011313088111767,0.0019499212105025478,,0.45,0.0005242121933804253,0.009516273645392804,False,cosine,False
0459b_00011,3.1268000000000002,1563.4,0.8916000000000001,0.42964496522306234,0.5703550347769376,0.6954686807409752,0.9937464,0.005429838709677415,0.0,0.9629906786290323,2255.8220503261996,15.004030227661133,0.35525184869766235,0.3100208640098572,2.0,500.0,1000.0,0.3,0.0,64.0,2000.0,0.0,0.0026110875199293884,0.00021248966909989797,0.0014930924019781202,0.0012689173124386562,0.45,0.0007913301465666336,0.006554203048647489,0.0,0.0,11400.237651348114,True,,,1,23ccaf125f9a408bb3939aa9ab01f822,2023-05-13_13-45-20,1683978320,11400.237651348114,455006,c08,172.16.6.8,11400.237651348114,0,1,0.006899118423461914,"11_l1_adj_reg=0.0002,l2_adj_reg=0.0015,learning_rate=0.0026,priority_reg=0.0013,shift=0.0066,temperature=0.0008",0.3,False,64,2000,False,0.0026110875199293884,0.00021248966909989794,0.0014930924019781202,0.0012689173124386562,,0.45,0.0007913301465666336,0.006554203048647489,False,cosine,False
0459b_00012,4.5948,2297.4,0.6978,0.5449229839780704,0.4550770160219296,0.5502457398906244,0.9908104,0.006826612903225793,0.0,0.8882485167338711,2572.5040261671998,24.84716796875,0.7097004652023315,0.5178006291389465,2.0,500.0,1000.0,0.3,0.0,64.0,2000.0,0.0,0.0025548636568380576,0.0009325813848813832,0.00292859391176278,0.001136843579369312,0.45,0.0005748520997358025,0.010326346595945252,0.0,0.0,12918.078696489334,True,,,1,d55c715d948249858707d09d994944b5,2023-05-13_14-10-45,1683979845,12918.078696489334,455068,c08,172.16.6.8,12918.078696489334,0,1,0.008581399917602539,"12_l1_adj_reg=0.0009,l2_adj_reg=0.0029,learning_rate=0.0026,priority_reg=0.0011,shift=0.0103,temperature=0.0006",0.3,False,64,2000,False,0.0025548636568380576,0.0009325813848813832,0.00292859391176278,0.001136843579369312,,0.45,0.0005748520997358025,0.010326346595945252,False,cosine,False
0459b_00013,5.5680000000000005,2784.0,0.7987,0.5389334854033523,0.4610665145966476,0.5732622786777692,0.9888640000000001,0.009602419354838698,0.0,0.9295812375000001,2448.1842137415997,12.423933029174805,0.34171026945114136,0.25686144828796387,2.0,500.0,1000.0,0.3,0.0,64.0,2000.0,0.0,0.001329601813026523,0.0003390818056124216,0.0038377365416145197,0.002850766198363877,0.45,0.0005890114321768976,0.008691647840777255,0.0,0.0,12359.560025930405,True,,,1,8aac56ee1092417b8e25fb281ab2c68f,2023-05-13_14-01-34,1683979294,12359.560025930405,455133,c08,172.16.6.8,12359.560025930405,0,1,0.008078813552856445,"13_l1_adj_reg=0.0003,l2_adj_reg=0.0038,learning_rate=0.0013,priority_reg=0.0029,shift=0.0087,temperature=0.0006",0.3,False,64,2000,False,0.001329601813026523,0.0003390818056124216,0.0038377365416145197,0.002850766198363877,,0.45,0.0005890114321768976,0.008691647840777255,False,cosine,False
0459b_00014,3.5976,1798.8,0.8140000000000001,0.46468935326049854,0.5353106467395015,0.6452980627361797,0.9928048,0.005753225806451612,0.0,0.9180898286290322,2365.6807760477996,17.96099090576172,0.5349934697151184,0.39293068647384644,2.0,500.0,1000.0,0.3,0.0,64.0,2000.0,0.0,0.002783928144300403,0.00044804165540882545,0.0015854802339157555,0.0024323172056236702,0.45,0.0005069954625851465,0.013882248970827817,0.0,0.0,11943.054990768433,True,,,1,ff1ee1c988694088b6d622be4a56b364,2023-05-13_13-54-45,1683978885,11943.054990768433,455197,c08,172.16.6.8,11943.054990768433,0,1,0.008770942687988281,"14_l1_adj_reg=0.0004,l2_adj_reg=0.0016,learning_rate=0.0028,priority_reg=0.0024,shift=0.0139,temperature=0.0005",0.3,False,64,2000,False,0.002783928144300403,0.00044804165540882545,0.0015854802339157553,0.0024323172056236702,,0.45,0.0005069954625851465,0.013882248970827819,False,cosine,False
0459b_00015,3.908,1954.0,0.8433000000000002,0.4383587672937425,0.5616412327062574,0.661287883997075,0.992184,0.006615322580645145,0.0,0.9401178431451612,2289.0583478082003,27.86625099182129,0.7353228330612183,0.5717561841011047,2.0,500.0,1000.0,0.3,0.0,64.0,2000.0,0.0,0.00803520618042713,0.00047110521525231075,0.004389018387360802,0.0011400335109671236,0.45,0.0005736015578181619,0.015223148984027712,0.0,0.0,11556.290323495865,True,,,1,ae736ad9efb54631a828a72f59aee7ae,2023-05-13_13-48-26,1683978506,11556.290323495865,455260,c08,172.16.6.8,11556.290323495865,0,1,0.0074079036712646484,"15_l1_adj_reg=0.0005,l2_adj_reg=0.0044,learning_rate=0.0080,priority_reg=0.0011,shift=0.0152,temperature=0.0006",0.3,False,64,2000,False,0.00803520618042713,0.00047110521525231075,0.004389018387360802,0.0011400335109671236,,0.45,0.0005736015578181619,0.015223148984027712,False,cosine,False
0459b_00016,3.2944000000000004,1647.2,0.9138999999999999,0.42171847780393656,0.5782815221960633,0.701937058569777,0.9934111999999999,0.005947580645161277,0.0,0.9721743187499999,2648.0379969722,12.644454002380371,0.28699663281440735,0.2712581753730774,2.0,500.0,1000.0,0.3,0.0,64.0,2000.0,0.0,0.0031177036420683875,0.0001825095090520077,0.0013990552527398275,0.0029837408319859774,0.45,0.0006325675796858255,0.008373555024988814,0.0,0.0,13290.075225353241,True,,,1,2840f814a437403381a9aa3ab7e7083b,2023-05-13_14-17-28,1683980248,13290.075225353241,455325,c08,172.16.6.8,13290.075225353241,0,1,0.009131431579589844,"16_l1_adj_reg=0.0002,l2_adj_reg=0.0014,learning_rate=0.0031,priority_reg=0.0030,shift=0.0084,temperature=0.0006",0.3,False,64,2000,False,0.0031177036420683875,0.0001825095090520077,0.0013990552527398275,0.0029837408319859774,,0.45,0.0006325675796858255,0.008373555024988814,False,cosine,False
0459b_00017,2.4232,1211.6,0.9296,0.36151619575267546,0.6384838042473245,0.7559843210582392,0.9951535999999999,0.004317741935483887,0.0,0.9691180693548386,2256.191140641,14.106338500976562,0.3156581521034241,0.330030232667923,2.0,500.0,1000.0,0.3,0.0,64.0,2000.0,0.0,0.00627138643250409,0.00010574944466794703,0.0023645121114037994,0.002625701403304964,0.45,0.0009415022726953369,0.005148965322357569,0.0,0.0,11393.740005016327,True,,,1,728eb62ae81c40719e5867ddd19bf517,2023-05-13_13-45-59,1683978359,11393.740005016327,455389,c08,172.16.6.8,11393.740005016327,0,1,0.00834512710571289,"17_l1_adj_reg=0.0001,l2_adj_reg=0.0024,learning_rate=0.0063,priority_reg=0.0026,shift=0.0051,temperature=0.0009",0.3,False,64,2000,False,0.00627138643250409,0.00010574944466794703,0.0023645121114037994,0.002625701403304964,,0.45,0.0009415022726953369,0.005148965322357569,False,cosine,False
0459b_00018,4.186,2093.0,0.8446999999999999,0.4964763673776373,0.5035236326223627,0.6270690996324436,0.9916279999999998,0.007187096774193535,0.0,0.9506971225806451,2371.4265429958,16.1129207611084,0.39666348695755005,0.31828245520591736,2.0,500.0,1000.0,0.3,0.0,64.0,2000.0,0.0,0.0025670630820057816,0.0002902251536756577,0.0026415601518042444,0.002473631284613867,0.45,0.0009046432032711953,0.007978025840257474,0.0,0.0,11966.611507177353,True,,,1,18757e2c7bb04f20bf97e006ee740fdf,2023-05-13_13-55-41,1683978941,11966.611507177353,455452,c08,172.16.6.8,11966.611507177353,0,1,0.012238264083862305,"18_l1_adj_reg=0.0003,l2_adj_reg=0.0026,learning_rate=0.0026,priority_reg=0.0025,shift=0.0080,temperature=0.0009",0.3,False,64,2000,False,0.0025670630820057816,0.0002902251536756577,0.0026415601518042444,0.002473631284613867,,0.45,0.0009046432032711952,0.007978025840257474,False,cosine,False
0459b_00019,4.4836,2241.8,0.8794000000000001,0.5146962721533818,0.4853037278466181,0.6212368574130066,0.9910327999999999,0.008066935483870986,0.0,0.9476725114919354,2288.6728960442,23.319576263427734,0.5123675465583801,0.48473644256591797,2.0,500.0,1000.0,0.3,0.0,64.0,2000.0,0.0,0.008232028336154261,0.00010047928929199615,0.004723647501343104,0.0015811142164666551,0.45,0.0006318400245134933,0.005314528344319699,0.0,0.0,11556.34612250328,True,,,1,82010d6b04ed4effb52fe5bf85a6a2b6,2023-05-13_13-48-59,1683978539,11556.34612250328,455517,c08,172.16.6.8,11556.34612250328,0,1,0.008851289749145508,"19_l1_adj_reg=0.0001,l2_adj_reg=0.0047,learning_rate=0.0082,priority_reg=0.0016,shift=0.0053,temperature=0.0006",0.3,False,64,2000,False,0.008232028336154261,0.00010047928929199616,0.004723647501343104,0.0015811142164666551,,0.45,0.0006318400245134933,0.005314528344319699,False,cosine,False
0459b_00020,3.5436,1771.8,0.7497999999999999,0.4519189642366766,0.5480810357633235,0.6316443786569115,0.9929128,0.005126612903225825,0.0,0.9061587191532258,2741.02403095,15.302383422851562,0.452165424823761,0.338897705078125,2.0,500.0,1000.0,0.3,0.0,64.0,2000.0,0.0,0.0013320123115352419,0.0005714158960046767,0.0028144794450522034,0.0014372329474836897,0.45,0.0009800757757914612,0.006241986390680582,0.0,0.0,13739.38128066063,True,,,1,98059b4325594eec9394b685b6dabbb2,2023-05-13_14-25-31,1683980731,13739.38128066063,455580,c08,172.16.6.8,13739.38128066063,0,1,0.010457515716552734,"20_l1_adj_reg=0.0006,l2_adj_reg=0.0028,learning_rate=0.0013,priority_reg=0.0014,shift=0.0062,temperature=0.0010",0.3,False,64,2000,False,0.0013320123115352419,0.0005714158960046767,0.0028144794450522034,0.0014372329474836897,,0.45,0.0009800757757914612,0.006241986390680582,False,cosine,False
0459b_00021,3.4644,1732.2,0.7948000000000001,0.4530457984710815,0.5469542015289184,0.6476431880598614,0.9930711999999999,0.005329838709677448,0.0,0.9185303963709679,2393.2229166084,15.793519973754883,0.49057430028915405,0.36465850472450256,2.0,500.0,1000.0,0.3,0.0,64.0,2000.0,0.0,0.0016561456279075896,0.0004976641560740245,0.004992178503490095,0.0015544414712354018,0.45,0.0005489949690433342,0.011363753110995014,0.0,0.0,12073.318265914917,True,,,1,3b04fe5c7cc146348a1440be21e613fe,2023-05-13_13-57-54,1683979074,12073.318265914917,455646,c08,172.16.6.8,12073.318265914917,0,1,0.010418176651000977,"21_l1_adj_reg=0.0005,l2_adj_reg=0.0050,learning_rate=0.0017,priority_reg=0.0016,shift=0.0114,temperature=0.0005",0.3,False,64,2000,False,0.0016561456279075896,0.0004976641560740245,0.004992178503490095,0.0015544414712354018,,0.45,0.0005489949690433342,0.011363753110995014,False,cosine,False
0459b_00022,3.0568,1528.4,0.8480000000000001,0.41405567922594405,0.585944320774056,0.6916310290635767,0.9938864000000001,0.004937096774193517,0.0,0.94060295625,2601.3355319091997,22.0462589263916,0.6386877298355103,0.46594828367233276,2.0,500.0,1000.0,0.3,0.0,64.0,2000.0,0.0,0.0032341220417026134,0.0004091111313718189,0.0033135557310471583,0.0011126752301617994,0.45,0.0005543894761946826,0.007555160097516051,0.0,0.0,13048.261480808258,True,,,1,144ad7230aa849b18fc3c49dcb6a7824,2023-05-13_14-14-19,1683980059,13048.261480808258,455712,c08,172.16.6.8,13048.261480808258,0,1,0.015577554702758789,"22_l1_adj_reg=0.0004,l2_adj_reg=0.0033,learning_rate=0.0032,priority_reg=0.0011,shift=0.0076,temperature=0.0006",0.3,False,64,2000,False,0.0032341220417026134,0.0004091111313718189,0.0033135557310471583,0.0011126752301617994,,0.45,0.0005543894761946826,0.00755516009751605,False,cosine,False
0459b_00023,3.992,1996.0,0.7505,0.49223421613238916,0.5077657838676108,0.6043507028601119,0.9920159999999999,0.006036290322580617,0.0,0.9045430316532259,2378.6186445323992,19.507112503051758,0.5726008415222168,0.4144672751426697,2.0,500.0,1000.0,0.3,0.0,64.0,2000.0,0.0,0.0022240686180772565,0.0006073971913977968,0.0047141367692598085,0.0022379856237977756,0.45,0.0005355092498078454,0.008486979259467377,0.0,0.0,12001.852120399475,True,,,1,b88fe706ba8743c698597e2dd484e8e4,2023-05-13_13-57-03,1683979023,12001.852120399475,455777,c08,172.16.6.8,12001.852120399475,0,1,0.012546777725219727,"23_l1_adj_reg=0.0006,l2_adj_reg=0.0047,learning_rate=0.0022,priority_reg=0.0022,shift=0.0085,temperature=0.0005",0.3,False,64,2000,False,0.0022240686180772565,0.0006073971913977968,0.0047141367692598085,0.0022379856237977756,,0.45,0.0005355092498078454,0.008486979259467377,False,cosine,False
0459b_00024,4.282,2141.0,0.8834,0.5063030898567543,0.4936969101432457,0.6303973935142012,0.991436,0.00769274193548386,0.0,0.9570583094758064,2328.1456053211996,22.367673873901367,0.5573338270187378,0.499891996383667,2.0,500.0,1000.0,0.3,0.0,64.0,2000.0,0.0,0.007639327127133067,0.00023781694706467713,0.001715988025430613,0.0011921796054554753,0.45,0.0008376957937474229,0.007927655424342595,0.0,0.0,11763.076082706451,True,,,1,001a1fc825b444ba92a1be0f53744fdf,2023-05-13_13-53-14,1683978794,11763.076082706451,455843,c08,172.16.6.8,11763.076082706451,0,1,0.01204228401184082,"24_l1_adj_reg=0.0002,l2_adj_reg=0.0017,learning_rate=0.0076,priority_reg=0.0012,shift=0.0079,temperature=0.0008",0.3,False,64,2000,False,0.007639327127133066,0.00023781694706467716,0.001715988025430613,0.0011921796054554753,,0.45,0.0008376957937474229,0.007927655424342595,False,cosine,False
0459b_00025,4.982,2491.0,0.8836,0.5323512486626341,0.467648751337366,0.6051053292884757,0.9900360000000001,0.00910564516129031,0.0,0.9673929368951614,2557.0695796709997,13.325246810913086,0.27299121022224426,0.2477976530790329,2.0,500.0,1000.0,0.3,0.0,64.0,2000.0,0.0,0.00213790387104162,0.0001518270322261816,0.0024544194308265817,0.001087610369868074,0.45,0.0005735934721400286,0.007354399559521043,0.0,0.0,12835.385110616684,True,,,1,0bf884809f124de2997683a6ecded6db,2023-05-13_14-11-18,1683979878,12835.385110616684,455906,c08,172.16.6.8,12835.385110616684,0,1,0.011844158172607422,"25_l1_adj_reg=0.0002,l2_adj_reg=0.0025,learning_rate=0.0021,priority_reg=0.0011,shift=0.0074,temperature=0.0006",0.3,False,64,2000,False,0.00213790387104162,0.0001518270322261816,0.0024544194308265817,0.001087610369868074,,0.45,0.0005735934721400286,0.007354399559521044,False,cosine,False
0459b_00026,2.9623999999999997,1481.2,0.8672000000000001,0.3858809478896735,0.6141190521103266,0.7133378413689297,0.9940752000000002,0.004901612903225816,0.0,0.9537806116935483,2748.5532958988,22.814022064208984,0.5897248983383179,0.4815632700920105,2.0,500.0,1000.0,0.3,0.0,64.0,2000.0,0.0,0.005941108726448699,0.00037042387266663106,0.0014905769886552009,0.0012341921264279073,0.45,0.000820381190517392,0.005810111960604986,0.0,0.0,13801.354587554932,True,,,1,e105486950c947db822d4ab371ad3beb,2023-05-13_14-27-37,1683980857,13801.354587554932,455972,c08,172.16.6.8,13801.354587554932,0,1,0.013916015625,"26_l1_adj_reg=0.0004,l2_adj_reg=0.0015,learning_rate=0.0059,priority_reg=0.0012,shift=0.0058,temperature=0.0008",0.3,False,64,2000,False,0.005941108726448699,0.00037042387266663106,0.0014905769886552009,0.0012341921264279073,,0.45,0.000820381190517392,0.005810111960604986,False,cosine,False
0459b_00027,2.4723999999999995,1236.2,0.9386000000000001,0.3396190235051961,0.6603809764948039,0.7681167699150802,0.9950552,0.004489516129032256,0.0,0.9830480679435485,2698.7363582402,14.160807609558105,0.3002103567123413,0.3069617450237274,2.0,500.0,1000.0,0.3,0.0,64.0,2000.0,0.0,0.0037177356090232995,0.00015701482905588525,0.004330839312573847,0.001546541340098115,0.45,0.0009985524969413398,0.005358543404716638,0.0,0.0,13556.420840024948,True,,,1,b1185d5a411747fa9ed18fd2afb27438,2023-05-13_14-23-45,1683980625,13556.420840024948,456052,c08,172.16.6.8,13556.420840024948,0,1,0.012100458145141602,"27_l1_adj_reg=0.0002,l2_adj_reg=0.0043,learning_rate=0.0037,priority_reg=0.0015,shift=0.0054,temperature=0.0010",0.3,False,64,2000,False,0.0037177356090232995,0.00015701482905588525,0.004330839312573847,0.001546541340098115,,0.45,0.0009985524969413398,0.005358543404716638,False,cosine,False
0459b_00028,3.7868000000000004,1893.4,0.7712000000000001,0.47801947488062824,0.5219805251193718,0.6217466165140783,0.9924264,0.0057895161290322465,0.0,0.9105582098790321,2765.0424006836,16.821773529052734,0.5167104005813599,0.39170193672180176,2.0,500.0,1000.0,0.3,0.0,64.0,2000.0,0.0,0.0012843072631419645,0.0006181495211816627,0.0011096255330888792,0.0010940442601614145,0.45,0.000754304207777286,0.018144187953096295,0.0,0.0,13875.112334489822,True,,,1,84ab4313548b4a99b82e0a158afb2b20,2023-05-13_14-29-19,1683980959,13875.112334489822,456117,c08,172.16.6.8,13875.112334489822,0,1,0.014206171035766602,"28_l1_adj_reg=0.0006,l2_adj_reg=0.0011,learning_rate=0.0013,priority_reg=0.0011,shift=0.0181,temperature=0.0008",0.3,False,64,2000,False,0.0012843072631419645,0.0006181495211816627,0.0011096255330888792,0.0010940442601614145,,0.45,0.000754304207777286,0.018144187953096295,False,cosine,False
0459b_00029,4.8347999999999995,2417.4,0.8832000000000001,0.48225404113318016,0.5177459588668198,0.6403766898416472,0.9903304,0.00880564516129032,0.0,0.9558526215725806,2724.1127141868,19.61559295654297,0.4760710597038269,0.41043806076049805,2.0,500.0,1000.0,0.3,0.0,64.0,2000.0,0.0,0.006714595961716532,0.00019305598088367482,0.002375005907110372,0.0020255889864054647,0.45,0.0006363121904975206,0.017705534187445127,0.0,0.0,13674.598896741867,True,,,1,e6df4c8693dc4f2a91636a92bef9024e,2023-05-13_14-26-12,1683980772,13674.598896741867,456183,c08,172.16.6.8,13674.598896741867,0,1,0.016437530517578125,"29_l1_adj_reg=0.0002,l2_adj_reg=0.0024,learning_rate=0.0067,priority_reg=0.0020,shift=0.0177,temperature=0.0006",0.3,False,64,2000,False,0.006714595961716533,0.00019305598088367482,0.002375005907110372,0.0020255889864054647,,0.45,0.0006363121904975206,0.017705534187445127,False,cosine,False
0459b_00030,4.1404,2070.2,0.8105,0.505282797090816,0.4947172029091839,0.6130293930432604,0.9917192,0.006819354838709657,0.0,0.9275924889112904,2608.4905353396,23.478803634643555,0.6465441584587097,0.4749675691127777,2.0,500.0,1000.0,0.3,0.0,64.0,2000.0,0.0,0.003562313987104811,0.00048295454938934127,0.0011408388756602523,0.0016863988946324959,0.45,0.0007312122354158623,0.019771555878380132,0.0,0.0,13106.685947179794,True,,,1,736b499ca07143b4870c49605d7b7e14,2023-05-13_14-16-58,1683980218,13106.685947179794,456248,c08,172.16.6.8,13106.685947179794,0,1,0.01708078384399414,"30_l1_adj_reg=0.0005,l2_adj_reg=0.0011,learning_rate=0.0036,priority_reg=0.0017,shift=0.0198,temperature=0.0007",0.3,False,64,2000,False,0.003562313987104811,0.00048295454938934127,0.0011408388756602523,0.001686398894632496,,0.45,0.0007312122354158623,0.019771555878380132,False,cosine,False
0459b_00031,4.2396,2119.8,0.7817000000000001,0.5177567924120619,0.4822432075879382,0.5962710312404284,0.9915208,0.006787096774193535,0.0,0.913458562701613,2812.6766826291996,19.072465896606445,0.5546164512634277,0.40299829840660095,2.0,500.0,1000.0,0.3,0.0,64.0,2000.0,0.0,0.0025727193903241317,0.0005578046782379839,0.0035038053796100114,0.0025694604308436186,0.45,0.0005993884575723878,0.01552436090245279,0.0,0.0,14114.242319107056,True,,,1,ccbb0b6e1a574cd5b1d9dc76551095db,2023-05-13_14-34-02,1683981242,14114.242319107056,456321,c08,172.16.6.8,14114.242319107056,0,1,0.0189516544342041,"31_l1_adj_reg=0.0006,l2_adj_reg=0.0035,learning_rate=0.0026,priority_reg=0.0026,shift=0.0155,temperature=0.0006",0.3,False,64,2000,False,0.0025727193903241317,0.0005578046782379839,0.003503805379610012,0.0025694604308436186,,0.45,0.0005993884575723878,0.015524360902452792,False,cosine,False
0459b_00032,4.0268,2013.4,0.8756999999999999,0.4797990292847228,0.5202009707152773,0.6473385218477526,0.9919464,0.007116129032258067,0.0,0.9553151772177421,2726.8105930337997,21.20728302001953,0.4718345105648041,0.41956692934036255,2.0,500.0,1000.0,0.3,0.0,64.0,2000.0,0.0,0.006978621536848475,0.00032332689582844916,0.0021948975294301884,0.0027142066971149376,0.45,0.0009220514419071358,0.014795954675456354,0.0,0.0,13691.64644742012,True,,,1,9de6f6097e794be6b17f3c4693eac118,2023-05-13_14-27-15,1683980835,13691.64644742012,456386,c08,172.16.6.8,13691.64644742012,0,1,0.0135345458984375,"32_l1_adj_reg=0.0003,l2_adj_reg=0.0022,learning_rate=0.0070,priority_reg=0.0027,shift=0.0148,temperature=0.0009",0.3,False,64,2000,False,0.006978621536848475,0.00032332689582844916,0.0021948975294301884,0.0027142066971149376,,0.45,0.0009220514419071359,0.014795954675456356,False,cosine,False
0459b_00033,2.544,1272.0,0.7823,0.3427728883789832,0.6572271116210169,0.7129730481137406,0.994912,0.003373387096774194,0.0,0.9194629608870967,2786.4987737225993,26.9859561920166,0.7571429014205933,0.5585174560546875,2.0,500.0,1000.0,0.3,0.0,64.0,2000.0,0.0,0.006134344084166541,0.0007799310349230243,0.0012915089647289608,0.0021037790699811065,0.45,0.0005113204206553018,0.008806793697667577,0.0,0.0,13991.743684053421,True,,,1,b98e300d8b4248c29033807122808374,2023-05-13_14-32-33,1683981153,13991.743684053421,456451,c08,172.16.6.8,13991.743684053421,0,1,0.019628047943115234,"33_l1_adj_reg=0.0008,l2_adj_reg=0.0013,learning_rate=0.0061,priority_reg=0.0021,shift=0.0088,temperature=0.0005",0.3,False,64,2000,False,0.006134344084166541,0.0007799310349230243,0.0012915089647289608,0.0021037790699811065,,0.45,0.0005113204206553018,0.008806793697667577,False,cosine,False
0459b_00034,3.7396000000000003,1869.8,0.7775,0.4728530656528657,0.5271469343471342,0.6268677257943425,0.9925208,0.005745161290322587,0.0,0.9100004570564517,2776.525410822,14.284673690795898,0.434884637594223,0.32760900259017944,2.0,500.0,1000.0,0.3,0.0,64.0,2000.0,0.0,0.0010608689135601925,0.0004806125508208043,0.0028556311840820673,0.0013005836416433803,0.45,0.0005773061502403942,0.014205965885088457,0.0,0.0,13928.613524198532,True,,,1,0dd2a1e3d55846c5b360504e8e6b7b02,2023-05-13_14-31-47,1683981107,13928.613524198532,456516,c08,172.16.6.8,13928.613524198532,0,1,0.014880895614624023,"34_l1_adj_reg=0.0005,l2_adj_reg=0.0029,learning_rate=0.0011,priority_reg=0.0013,shift=0.0142,temperature=0.0006",0.3,False,64,2000,False,0.0010608689135601925,0.0004806125508208043,0.0028556311840820673,0.0013005836416433803,,0.45,0.0005773061502403942,0.014205965885088457,False,cosine,False
0459b_00035,3.6728,1836.4,0.93,0.46427003615228646,0.5357299638477137,0.6770051755273846,0.9926543999999999,0.006840322580645175,0.0,0.9816256931451613,2361.767845834,10.116033554077148,0.22899556159973145,0.22593751549720764,2.0,500.0,1000.0,0.3,0.0,64.0,2000.0,0.0,0.0018280002581482738,0.00010493417285873246,0.0016377726691642902,0.0010327991557938345,0.45,0.0005500426385214687,0.0052475097256337346,0.0,0.0,11941.514709949493,True,,,1,62c583397e884133bbc928bb73a3ebee,2023-05-13_13-58-54,1683979134,11941.514709949493,456583,c08,172.16.6.8,11941.514709949493,0,1,0.015592098236083984,"35_l1_adj_reg=0.0001,l2_adj_reg=0.0016,learning_rate=0.0018,priority_reg=0.0010,shift=0.0052,temperature=0.0006",0.3,False,64,2000,False,0.0018280002581482736,0.00010493417285873246,0.0016377726691642902,0.0010327991557938345,,0.45,0.0005500426385214687,0.0052475097256337346,False,cosine,False
0459b_00036,3.9067999999999996,1953.4,0.7268999999999999,0.4873313174989741,0.5126686825010258,0.6002470323689362,0.9921863999999999,0.005674193548387119,0.0,0.8967700723790323,2605.2490045311997,14.920392036437988,0.43259987235069275,0.32908177375793457,2.0,500.0,1000.0,0.3,0.0,64.0,2000.0,0.0,0.001042419381202095,0.0007257798909197674,0.004404572124068945,0.00227235050476026,0.45,0.0007404026469924345,0.017334428307615307,0.0,0.0,13160.491011857986,True,,,1,d93a5d8f5748451583d6281cd7c316b3,2023-05-13_14-19-30,1683980370,13160.491011857986,456650,c08,172.16.6.8,13160.491011857986,0,1,0.01512598991394043,"36_l1_adj_reg=0.0007,l2_adj_reg=0.0044,learning_rate=0.0010,priority_reg=0.0023,shift=0.0173,temperature=0.0007",0.3,False,64,2000,False,0.001042419381202095,0.0007257798909197674,0.004404572124068945,0.00227235050476026,,0.45,0.0007404026469924345,0.017334428307615307,False,cosine,False
0459b_00037,2.2692,1134.6,0.8307,0.321378479603262,0.6786215203967381,0.7464448615161619,0.9954616,0.0032096774193548284,0.0,0.9436188425403225,2825.614199475999,31.3817195892334,0.8788245320320129,0.6721700429916382,2.0,500.0,1000.0,0.3,0.0,64.0,2000.0,0.0,0.00872495309628684,0.0006588242034703642,0.0024392395910768803,0.0010157518110876656,0.45,0.0009699493530368152,0.009347361976150452,0.0,0.0,14170.393905639648,True,,,1,b7f67e220ef44a9bb3642a8b66174ba8,2023-05-13_14-36-36,1683981396,14170.393905639648,456736,c08,172.16.6.8,14170.393905639648,0,1,0.017960071563720703,"37_l1_adj_reg=0.0007,l2_adj_reg=0.0024,learning_rate=0.0087,priority_reg=0.0010,shift=0.0093,temperature=0.0010",0.3,False,64,2000,False,0.00872495309628684,0.0006588242034703642,0.0024392395910768803,0.0010157518110876656,,0.45,0.0009699493530368152,0.009347361976150452,False,cosine,False
0459b_00038,4.5652,2282.6,0.8894,0.5233487076856738,0.4766512923143263,0.6172790883764816,0.9908696000000001,0.008312096774193556,0.0,0.9575665058467742,2802.0189646819995,16.697895050048828,0.40707921981811523,0.3688369691371918,2.0,500.0,1000.0,0.3,0.0,64.0,2000.0,0.0,0.005809378840398162,0.00013334470246423294,0.0010075284937541705,0.0020079883812797843,0.45,0.0006856998671031808,0.015885010659920856,0.0,0.0,14059.051633834839,True,,,1,cf829a6a7e5c4e3bbcfe4b0cf173e800,2023-05-13_14-35-01,1683981301,14059.051633834839,456810,c08,172.16.6.8,14059.051633834839,0,1,0.014405488967895508,"38_l1_adj_reg=0.0001,l2_adj_reg=0.0010,learning_rate=0.0058,priority_reg=0.0020,shift=0.0159,temperature=0.0007",0.3,False,64,2000,False,0.005809378840398162,0.00013334470246423294,0.0010075284937541705,0.0020079883812797843,,0.45,0.0006856998671031808,0.015885010659920856,False,cosine,False
0459b_00039,4.958,2479.0,0.9039999999999999,0.5319256894295781,0.46807431057042204,0.6099935895241826,0.9900840000000001,0.009221774193548393,0.0,0.9773239570564517,2546.7560387391995,8.070384979248047,0.1710791289806366,0.1595667153596878,2.0,500.0,1000.0,0.3,0.0,64.0,2000.0,0.0,0.0011197576865534923,0.00010545736695127682,0.001311997736108169,0.0028231693561562815,0.45,0.0009658980735649141,0.012087833170344066,0.0,0.0,12863.714477539062,True,,,1,f44c707cbbbf4a64a0dc0cda8066f018,2023-05-13_14-15-20,1683980120,12863.714477539062,456878,c08,172.16.6.8,12863.714477539062,0,1,0.022829532623291016,"39_l1_adj_reg=0.0001,l2_adj_reg=0.0013,learning_rate=0.0011,priority_reg=0.0028,shift=0.0121,temperature=0.0010",0.3,False,64,2000,False,0.0011197576865534923,0.00010545736695127681,0.001311997736108169,0.0028231693561562815,,0.45,0.0009658980735649142,0.012087833170344066,False,cosine,False
0459b_00040,3.9311999999999996,1965.6,0.7847000000000001,0.4899218753105825,0.5100781246894175,0.6168567981276525,0.9921376000000001,0.006189516129032268,0.0,0.9049812598790321,2500.5559072690003,15.52569580078125,0.4335646629333496,0.32193535566329956,2.0,500.0,1000.0,0.3,0.0,64.0,2000.0,0.0,0.0014116776378697848,0.0004940078264529789,0.0017023105108516395,0.0016993191375709715,0.45,0.000545390646944568,0.0169558565437083,0.0,0.0,12627.83069396019,True,,,1,a516c7839888494c88417fcd57fbadf0,2023-05-13_14-11-43,1683979903,12627.83069396019,456941,c08,172.16.6.8,12627.83069396019,0,1,0.02248668670654297,"40_l1_adj_reg=0.0005,l2_adj_reg=0.0017,learning_rate=0.0014,priority_reg=0.0017,shift=0.0170,temperature=0.0005",0.3,False,64,2000,False,0.0014116776378697848,0.0004940078264529789,0.0017023105108516395,0.0016993191375709715,,0.45,0.000545390646944568,0.0169558565437083,False,cosine,False
0459b_00041,4.2696000000000005,2134.8,0.8944000000000001,0.4917304041706105,0.5082695958293895,0.6425040652509817,0.9914608000000001,0.0077564516129032144,0.0,0.9539948268145162,2402.528500944,18.591388702392578,0.4109748899936676,0.40283799171447754,2.0,500.0,1000.0,0.3,0.0,64.0,2000.0,0.0,0.007247646990675519,0.00010537889049196613,0.002647004553162625,0.0023131394765631076,0.45,0.0006656152882111283,0.006887515526353335,0.0,0.0,12146.109311580658,True,,,1,e08f9d367bcb47c5a9ff57329dd9ba02,2023-05-13_14-03-58,1683979438,12146.109311580658,457008,c08,172.16.6.8,12146.109311580658,0,1,0.014190912246704102,"41_l1_adj_reg=0.0001,l2_adj_reg=0.0026,learning_rate=0.0072,priority_reg=0.0023,shift=0.0069,temperature=0.0007",0.3,False,64,2000,False,0.007247646990675519,0.00010537889049196613,0.002647004553162625,0.0023131394765631076,,0.45,0.0006656152882111283,0.006887515526353335,False,cosine,False
0459b_00042,3.9652000000000003,1982.6,0.8744999999999999,0.49601105485328933,0.5039889451467107,0.6390490240143603,0.9920696000000001,0.006982258064516156,0.0,0.9564534822580646,2452.3609269776,12.766630172729492,0.32933348417282104,0.264948308467865,2.0,500.0,1000.0,0.3,0.0,64.0,2000.0,0.0,0.0017887161937905772,0.00021944781970523763,0.0024377149647449217,0.0015802957069244686,0.45,0.0005054227269410413,0.007806029346755438,0.0,0.0,12396.660282850266,True,,,1,6353006e7caf49b5a6b61dc6c5d2b804,2023-05-13_14-08-26,1683979706,12396.660282850266,457093,c08,172.16.6.8,12396.660282850266,0,1,0.019771575927734375,"42_l1_adj_reg=0.0002,l2_adj_reg=0.0024,learning_rate=0.0018,priority_reg=0.0016,shift=0.0078,temperature=0.0005",0.3,False,64,2000,False,0.0017887161937905774,0.00021944781970523763,0.0024377149647449217,0.0015802957069244684,,0.45,0.0005054227269410413,0.007806029346755437,False,cosine,False
0459b_00043,3.12,1560.0,0.7829,0.385728820127913,0.614271179872087,0.6820834102018297,0.99376,0.0045395161290322505,0.0,0.9279216506048387,2464.3346196066,34.85642623901367,0.9079152345657349,0.7007765769958496,2.0,500.0,1000.0,0.3,0.0,64.0,2000.0,0.0,0.009761715974448996,0.0008739075466604905,0.0026398030833539796,0.0014343305201422554,0.45,0.0007303856754328423,0.008902379517851427,0.0,0.0,12449.095014333725,True,,,1,48f30f55dfdf41f180f51eb6e64797e9,2023-05-13_14-09-36,1683979776,12449.095014333725,457160,c08,172.16.6.8,12449.095014333725,0,1,0.017010927200317383,"43_l1_adj_reg=0.0009,l2_adj_reg=0.0026,learning_rate=0.0098,priority_reg=0.0014,shift=0.0089,temperature=0.0007",0.3,False,64,2000,False,0.009761715974448996,0.0008739075466604905,0.0026398030833539796,0.0014343305201422554,,0.45,0.0007303856754328423,0.008902379517851427,False,cosine,False
0459b_00044,3.9048000000000003,1952.4,0.6756,0.4905106990103073,0.5094893009896927,0.5807257560887755,0.9921904000000001,0.0052564516129032235,0.0,0.8670910344758065,2621.487913586,17.681304931640625,0.5541661381721497,0.4104931950569153,2.0,500.0,1000.0,0.3,0.0,64.0,2000.0,0.0,0.0014571885102132257,0.0009944049135044925,0.0034315897586812984,0.0025799226253397844,0.45,0.0007858192382824902,0.012437188169617466,0.0,0.0,13246.795951366425,True,,,1,0260439014db410dbef09eac1dfe6941,2023-05-13_14-23-10,1683980590,13246.795951366425,457231,c08,172.16.6.8,13246.795951366425,0,1,0.020251989364624023,"44_l1_adj_reg=0.0010,l2_adj_reg=0.0034,learning_rate=0.0015,priority_reg=0.0026,shift=0.0124,temperature=0.0008",0.3,False,64,2000,False,0.0014571885102132257,0.0009944049135044925,0.003431589758681299,0.0025799226253397844,,0.45,0.0007858192382824902,0.012437188169617466,False,cosine,False
0459b_00045,3.8008,1900.4,0.7807999999999999,0.4785853801978462,0.5214146198021539,0.6239296526182614,0.9923983999999999,0.00589516129032257,0.0,0.9234613711693548,2606.9027220656,16.094512939453125,0.4431309103965759,0.3273121118545532,2.0,500.0,1000.0,0.3,0.0,64.0,2000.0,0.0,0.0017106490783357637,0.0004793761838147892,0.0017020117267728964,0.0024262012315292908,0.45,0.0008679567488765095,0.005090909315316853,0.0,0.0,13161.325427532196,True,,,1,421fdb807868499db5d8755df13a5214,2023-05-13_14-22-02,1683980522,13161.325427532196,457298,c08,172.16.6.8,13161.325427532196,0,1,0.018521785736083984,"45_l1_adj_reg=0.0005,l2_adj_reg=0.0017,learning_rate=0.0017,priority_reg=0.0024,shift=0.0051,temperature=0.0009",0.3,False,64,2000,False,0.0017106490783357637,0.00047937618381478924,0.0017020117267728967,0.0024262012315292908,,0.45,0.0008679567488765095,0.005090909315316853,False,cosine,False
0459b_00046,4.7812,2390.6,0.8524,0.5435175684609715,0.45648243153902845,0.5923196723853902,0.9904375999999999,0.008449193548387112,0.0,0.9394872802419357,2435.5837075572,19.6800537109375,0.5317347049713135,0.46852487325668335,2.0,500.0,1000.0,0.3,0.0,64.0,2000.0,0.0,0.008000750337382042,0.00023517594209408057,0.001760022528379461,0.002773309704447207,0.45,0.0007715581930264783,0.013505155235430697,0.0,0.0,12301.176986932755,True,,,1,3dfb30783e76402ea7aff9e79dc37d0f,2023-05-13_14-07-59,1683979679,12301.176986932755,457364,c08,172.16.6.8,12301.176986932755,0,1,0.01819300651550293,"46_l1_adj_reg=0.0002,l2_adj_reg=0.0018,learning_rate=0.0080,priority_reg=0.0028,shift=0.0135,temperature=0.0008",0.3,False,64,2000,False,0.008000750337382042,0.00023517594209408057,0.0017600225283794608,0.002773309704447207,,0.45,0.0007715581930264783,0.013505155235430695,False,cosine,False
0459b_00047,2.2548000000000004,1127.4,0.8356,0.31704169300215235,0.6829583069978477,0.7500706767965248,0.9954903999999999,0.003220161290322565,0.0,0.9419040137096776,2464.3533411084,25.787038803100586,0.7358562350273132,0.5547887682914734,2.0,500.0,1000.0,0.3,0.0,64.0,2000.0,0.0,0.006750320212260405,0.0006205049547113904,0.001150714166164321,0.001782869148665829,0.45,0.0005655347545212093,0.007288174567297063,0.0,0.0,12456.14878153801,True,,,1,23925ffdc29944cfbfe4a3c4d125c9f6,2023-05-13_14-10-52,1683979852,12456.14878153801,457429,c08,172.16.6.8,12456.14878153801,0,1,0.01737213134765625,"47_l1_adj_reg=0.0006,l2_adj_reg=0.0012,learning_rate=0.0068,priority_reg=0.0018,shift=0.0073,temperature=0.0006",0.3,False,64,2000,False,0.006750320212260405,0.0006205049547113904,0.001150714166164321,0.001782869148665829,,0.45,0.0005655347545212093,0.007288174567297063,False,cosine,False
0459b_00048,4.0336,2016.8,0.8914,0.4971947310599901,0.5028052689400099,0.6415856581759601,0.9919328000000001,0.0072564516129032695,0.0,0.9640016354838709,2566.4668455685996,14.528139114379883,0.34159472584724426,0.2904869318008423,2.0,500.0,1000.0,0.3,0.0,64.0,2000.0,0.0,0.0024891924504535094,0.00017383554295046888,0.0011688043862077716,0.0012083312491896331,0.45,0.0006460550124020227,0.015336833291172632,0.0,0.0,12970.705057144165,True,,,1,563d651a722545ceb86ee8ab3f636877,2023-05-13_14-19-45,1683980385,12970.705057144165,457495,c08,172.16.6.8,12970.705057144165,0,1,0.020974159240722656,"48_l1_adj_reg=0.0002,l2_adj_reg=0.0012,learning_rate=0.0025,priority_reg=0.0012,shift=0.0153,temperature=0.0006",0.3,False,64,2000,False,0.0024891924504535094,0.00017383554295046888,0.0011688043862077716,0.0012083312491896331,,0.45,0.0006460550124020227,0.015336833291172634,False,cosine,False
0459b_00049,3.7068,1853.4,0.9048,0.47020737861127115,0.5297926213887287,0.6660323401471271,0.9925864000000001,0.006705645161290308,0.0,0.962717785282258,2717.1483600136003,15.60704231262207,0.3575752377510071,0.33591705560684204,2.0,500.0,1000.0,0.3,0.0,64.0,2000.0,0.0,0.004893714962631048,0.00014055140010295206,0.004046565053810556,0.001786888741802041,0.45,0.0006399405910168001,0.009056628066023639,0.0,0.0,13648.79179263115,True,,,1,00b68c86a52940ddbb323f12c6c36e13,2023-05-13_14-31-25,1683981085,13648.79179263115,457568,c08,172.16.6.8,13648.79179263115,0,1,0.023105859756469727,"49_l1_adj_reg=0.0001,l2_adj_reg=0.0040,learning_rate=0.0049,priority_reg=0.0018,shift=0.0091,temperature=0.0006",0.3,False,64,2000,False,0.004893714962631048,0.00014055140010295206,0.004046565053810556,0.0017868887418020412,,0.45,0.0006399405910168001,0.009056628066023639,False,cosine,False
0459b_00050,3.6388,1819.4,0.7478,0.46465543466479725,0.5353445653352027,0.6233071858420401,0.9927224000000001,0.005302419354838705,0.0,0.9041101407258065,2635.9972771780003,18.223129272460938,0.5682045221328735,0.42134761810302734,2.0,500.0,1000.0,0.3,0.0,64.0,2000.0,0.0,0.0017509280059025297,0.0006620324725098557,0.00107580631981441,0.001594796612120117,0.45,0.0008600071892818247,0.01150825197184383,0.0,0.0,13232.424691438675,True,,,1,9c9181593b3a4e9d938a4172060e944c,2023-05-13_14-24-51,1683980691,13232.424691438675,457634,c08,172.16.6.8,13232.424691438675,0,1,0.02560257911682129,"50_l1_adj_reg=0.0007,l2_adj_reg=0.0011,learning_rate=0.0018,priority_reg=0.0016,shift=0.0115,temperature=0.0009",0.3,False,64,2000,False,0.0017509280059025297,0.0006620324725098557,0.00107580631981441,0.0015947966121201173,,0.45,0.0008600071892818247,0.01150825197184383,False,cosine,False
0459b_00051,2.7331999999999996,1366.6,0.8566,0.3834164252007155,0.6165835747992845,0.7161945872088217,0.9945335999999999,0.004354032258064522,0.0,0.9490579858870968,2477.6946880988003,19.83641815185547,0.5540715456008911,0.42369475960731506,2.0,500.0,1000.0,0.3,0.0,64.0,2000.0,0.0,0.005213271837398813,0.000422191647580904,0.003396072333738434,0.002495475586127474,0.45,0.0009503369366610457,0.014580695282416706,0.0,0.0,12511.735923528671,True,,,1,77fbbcffef1e42d6857000c45d3bf308,2023-05-13_14-13-13,1683979993,12511.735923528671,457700,c08,172.16.6.8,12511.735923528671,0,1,0.024992942810058594,"51_l1_adj_reg=0.0004,l2_adj_reg=0.0034,learning_rate=0.0052,priority_reg=0.0025,shift=0.0146,temperature=0.0010",0.3,False,64,2000,False,0.005213271837398813,0.000422191647580904,0.0033960723337384344,0.002495475586127474,,0.45,0.0009503369366610457,0.014580695282416706,False,cosine,False
0459b_00052,4.0604,2030.2,0.9016,0.4965156816118377,0.5034843183881623,0.6442763750988464,0.9918792,0.0073927419354838705,0.0,0.9575525538306453,2739.3499575329997,16.74456787109375,0.44668716192245483,0.3933030068874359,2.0,500.0,1000.0,0.3,0.0,64.0,2000.0,0.0,0.005898524857876801,0.00012183606935037912,0.0019345413585306255,0.001491432057012607,0.45,0.0005367776481189272,0.011038606090965679,0.0,0.0,13752.53441810608,True,,,1,d36243ab80804277b2a3ce5ec61c8c2f,2023-05-13_14-34-22,1683981262,13752.53441810608,457770,c08,172.16.6.8,13752.53441810608,0,1,0.017138957977294922,"52_l1_adj_reg=0.0001,l2_adj_reg=0.0019,learning_rate=0.0059,priority_reg=0.0015,shift=0.0110,temperature=0.0005",0.3,False,64,2000,False,0.005898524857876801,0.00012183606935037912,0.0019345413585306255,0.001491432057012607,,0.45,0.0005367776481189272,0.011038606090965679,False,cosine,False
0459b_00053,3.564,1782.0,0.8824,0.4451760030081081,0.5548239969918919,0.6756896122922516,0.992872,0.006237096774193529,0.0,0.9515056125000001,2631.9608562294,18.548324584960938,0.49364060163497925,0.4169860780239105,2.0,500.0,1000.0,0.3,0.0,64.0,2000.0,0.0,0.0069955793197943985,0.0002705140718407519,0.0036765645115551505,0.002126364975285602,0.45,0.0007096975329450399,0.018991429421898267,0.0,0.0,13299.68070435524,True,,,1,5d72be62bd834099a3b4d5b587e27a20,2023-05-13_14-27-18,1683980838,13299.68070435524,457901,c08,172.16.6.8,13299.68070435524,0,1,0.02233600616455078,"53_l1_adj_reg=0.0003,l2_adj_reg=0.0037,learning_rate=0.0070,priority_reg=0.0021,shift=0.0190,temperature=0.0007",0.3,False,64,2000,False,0.0069955793197943985,0.0002705140718407519,0.0036765645115551505,0.002126364975285602,,0.45,0.0007096975329450399,0.018991429421898267,False,cosine,False
0459b_00054,2.5728,1286.4,0.849,0.365599874763758,0.634400125236242,0.7257394115103373,0.9948544,0.003969354838709682,0.0,0.9401500092741936,2384.9937369261997,22.94117546081543,0.6627238392829895,0.4858165383338928,2.0,500.0,1000.0,0.3,0.0,64.0,2000.0,0.0,0.004506385108522222,0.0005098735552138497,0.0012158609468398702,0.0019232482659864649,0.45,0.0007476087179828821,0.010892309303786266,0.0,0.0,11885.117875814438,True,,,1,50da62e0d56c48fa8238113e96b00f83,2023-05-13_17-00-38,1683990038,11885.117875814438,454942,c08,172.16.6.8,11885.117875814438,0,1,0.007148265838623047,"54_l1_adj_reg=0.0005,l2_adj_reg=0.0012,learning_rate=0.0045,priority_reg=0.0019,shift=0.0109,temperature=0.0007",0.3,False,64,2000,False,0.004506385108522222,0.0005098735552138497,0.0012158609468398702,0.0019232482659864646,,0.45,0.0007476087179828821,0.010892309303786266,False,cosine,False
0459b_00055,2.8383999999999996,1419.2,0.8272999999999999,0.38915765484426845,0.6108423451557317,0.7016609384853105,0.9943232,0.004329838709677403,0.0,0.9358373437499999,2358.6293989851993,30.939422607421875,0.8510583639144897,0.6547635793685913,2.0,500.0,1000.0,0.3,0.0,64.0,2000.0,0.0,0.00793114749961912,0.0006127637230064325,0.0017084447629982194,0.001177460020729648,0.45,0.0006401882255597953,0.006008479570761867,0.0,0.0,11746.596184968948,True,,,1,23ccaf125f9a408bb3939aa9ab01f822,2023-05-13_17-01-07,1683990067,11746.596184968948,455006,c08,172.16.6.8,11746.596184968948,0,1,0.006899118423461914,"55_l1_adj_reg=0.0006,l2_adj_reg=0.0017,learning_rate=0.0079,priority_reg=0.0012,shift=0.0060,temperature=0.0006",0.3,False,64,2000,False,0.00793114749961912,0.0006127637230064325,0.0017084447629982192,0.001177460020729648,,0.45,0.0006401882255597953,0.006008479570761867,False,cosine,False
0459b_00056,3.6275999999999997,1813.8,0.6725,0.4435909073328215,0.5564090926671785,0.6053132897085151,0.9927448,0.004672580645161295,0.0,0.8680193977822579,2364.716747630801,16.472986221313477,0.4764886796474457,0.3718468248844147,2.0,500.0,1000.0,0.3,0.0,64.0,2000.0,0.0,0.0011765996700846737,0.0009766386158704943,0.0022171108449360994,0.00115322087178838,0.45,0.0009988956884641605,0.015204218830695993,0.0,0.0,11776.736099243164,True,,,1,9bf8c8bba2e9481fb2432058cabb2cf6,2023-05-13_17-02-00,1683990120,11776.736099243164,454693,c08,172.16.6.8,11776.736099243164,0,1,0.006166934967041016,"56_l1_adj_reg=0.0010,l2_adj_reg=0.0022,learning_rate=0.0012,priority_reg=0.0012,shift=0.0152,temperature=0.0010",0.3,False,64,2000,False,0.0011765996700846737,0.0009766386158704943,0.0022171108449360994,0.00115322087178838,,0.45,0.0009988956884641605,0.015204218830695991,False,cosine,False
0459b_00057,3.8768000000000002,1938.4,0.8347,0.4803499362013463,0.5196500637986536,0.6380674279352528,0.9922464000000002,0.006483064516129011,0.0,0.9398165687500001,2329.573818259,22.490070343017578,0.6300986409187317,0.48647966980934143,2.0,500.0,1000.0,0.3,0.0,64.0,2000.0,0.0,0.005988496371009741,0.0004445918304531971,0.0011733701528713297,0.0024419618230307693,0.45,0.0006187116435449691,0.01775583007950074,0.0,0.0,11603.854892730713,True,,,1,728eb62ae81c40719e5867ddd19bf517,2023-05-13_16-59-23,1683989963,11603.854892730713,455389,c08,172.16.6.8,11603.854892730713,0,1,0.00834512710571289,"57_l1_adj_reg=0.0004,l2_adj_reg=0.0012,learning_rate=0.0060,priority_reg=0.0024,shift=0.0178,temperature=0.0006",0.3,False,64,2000,False,0.005988496371009741,0.0004445918304531971,0.0011733701528713297,0.0024419618230307693,,0.45,0.0006187116435449691,0.01775583007950074,False,cosine,False
0459b_00058,3.9143999999999997,1957.2,0.8918000000000001,0.4568608518349023,0.5431391481650977,0.6679715103216842,0.9921711999999999,0.0070193548387096575,0.0,0.959095645967742,2311.312543715,18.01155662536621,0.48548388481140137,0.4389449656009674,2.0,500.0,1000.0,0.3,0.0,64.0,2000.0,0.0,0.007132206194862078,0.00019004128512563958,0.0017029935979339336,0.0013379890315926611,0.45,0.0008508464443884031,0.010868868970242142,0.0,0.0,11514.977473258972,True,,,1,ae736ad9efb54631a828a72f59aee7ae,2023-05-13_17-00-21,1683990021,11514.977473258972,455260,c08,172.16.6.8,11514.977473258972,0,1,0.0074079036712646484,"58_l1_adj_reg=0.0002,l2_adj_reg=0.0017,learning_rate=0.0071,priority_reg=0.0013,shift=0.0109,temperature=0.0009",0.3,False,64,2000,False,0.007132206194862079,0.00019004128512563958,0.0017029935979339336,0.0013379890315926611,,0.45,0.000850846444388403,0.010868868970242142,False,cosine,False
0459b_00059,5.354,2677.0,0.8803000000000001,0.5637504788027924,0.4362495211972077,0.5791088720339691,0.9892920000000001,0.00982903225806453,0.0,0.9435289445564516,2299.5334219382003,20.29328727722168,0.47340258955955505,0.4399290084838867,2.0,500.0,1000.0,0.3,0.0,64.0,2000.0,0.0,0.007851126898710136,0.0001043254587184166,0.0012543412865496186,0.001478930778770903,0.45,0.0006173398098639765,0.009824702417840366,0.0,0.0,11456.753366470337,True,,,1,82010d6b04ed4effb52fe5bf85a6a2b6,2023-05-13_16-59-56,1683989996,11456.753366470337,455517,c08,172.16.6.8,11456.753366470337,0,1,0.008851289749145508,"59_l1_adj_reg=0.0001,l2_adj_reg=0.0013,learning_rate=0.0079,priority_reg=0.0015,shift=0.0098,temperature=0.0006",0.3,False,64,2000,False,0.007851126898710136,0.0001043254587184166,0.0012543412865496186,0.001478930778770903,,0.45,0.0006173398098639765,0.009824702417840366,False,cosine,False
0459b_00060,2.9452,1472.6,0.834,0.39384017361999185,0.6061598263800081,0.6991415548922395,0.9941096,0.004599193548387115,0.0,0.9372398961693549,2314.8300048772003,23.225854873657227,0.677801251411438,0.49694767594337463,2.0,500.0,1000.0,0.3,0.0,64.0,2000.0,0.0,0.003725520901443807,0.00044387793365813905,0.0018563170987176375,0.0011105075955990635,0.45,0.0008783308957193876,0.007832208636613786,0.0,0.0,11521.360968112946,True,,,1,001a1fc825b444ba92a1be0f53744fdf,2023-05-13_17-05-16,1683990316,11521.360968112946,455843,c08,172.16.6.8,11521.360968112946,0,1,0.01204228401184082,"60_l1_adj_reg=0.0004,l2_adj_reg=0.0019,learning_rate=0.0037,priority_reg=0.0011,shift=0.0078,temperature=0.0009",0.3,False,64,2000,False,0.0037255209014438076,0.00044387793365813905,0.0018563170987176377,0.0011105075955990635,,0.45,0.0008783308957193876,0.007832208636613786,False,cosine,False
0459b_00061,5.4264,2713.2,0.6986,0.5518233463617618,0.4481766536382382,0.5374557539788246,0.9891472,0.008509677419354844,0.0,0.8947387929435484,2288.6597207740006,21.792591094970703,0.6439979672431946,0.4759712815284729,2.0,500.0,1000.0,0.3,0.0,64.0,2000.0,0.0,0.0024835163348461615,0.0008840184763282208,0.0043911389727157146,0.001498620001512694,0.45,0.0005237245158064492,0.01390737532372453,0.0,0.0,11399.932390451431,True,,,1,ff1ee1c988694088b6d622be4a56b364,2023-05-13_17-04-46,1683990286,11399.932390451431,455197,c08,172.16.6.8,11399.932390451431,0,1,0.008770942687988281,"61_l1_adj_reg=0.0009,l2_adj_reg=0.0044,learning_rate=0.0025,priority_reg=0.0015,shift=0.0139,temperature=0.0005",0.3,False,64,2000,False,0.0024835163348461615,0.0008840184763282208,0.0043911389727157146,0.001498620001512694,,0.45,0.0005237245158064492,0.01390737532372453,False,cosine,False
0459b_00062,3.3251999999999997,1662.6,0.8563000000000001,0.4146695705635716,0.5853304294364283,0.6883335933840184,0.9933495999999999,0.005545161290322609,0.0,0.9472100247983871,2213.5981627820006,24.41124725341797,0.657748818397522,0.5189128518104553,2.0,500.0,1000.0,0.3,0.0,64.0,2000.0,0.0,0.006922338065480741,0.0004485608677229799,0.0012090843892468657,0.0016196057877611342,0.45,0.0005872471282594902,0.008997866362863986,0.0,0.0,11023.187224149704,True,,,1,18757e2c7bb04f20bf97e006ee740fdf,2023-05-13_16-59-24,1683989964,11023.187224149704,455452,c08,172.16.6.8,11023.187224149704,0,1,0.012238264083862305,"62_l1_adj_reg=0.0004,l2_adj_reg=0.0012,learning_rate=0.0069,priority_reg=0.0016,shift=0.0090,temperature=0.0006",0.3,False,64,2000,False,0.006922338065480741,0.0004485608677229799,0.0012090843892468657,0.001619605787761134,,0.45,0.0005872471282594902,0.008997866362863986,False,cosine,False
0459b_00063,4.208,2104.0,0.8667999999999999,0.5126704903141139,0.4873295096858861,0.6233941666446806,0.9915839999999999,0.007409677419354832,0.0,0.9550735427419355,2263.3980227918005,18.561603546142578,0.4770660400390625,0.375602662563324,2.0,500.0,1000.0,0.3,0.0,64.0,2000.0,0.0,0.004085131389687964,0.00025623070366192536,0.004752563787340783,0.0014162481720460288,0.45,0.0009922254333152554,0.01815899984548879,0.0,0.0,11262.847775220871,True,,,1,b88fe706ba8743c698597e2dd484e8e4,2023-05-13_17-04-46,1683990286,11262.847775220871,455777,c08,172.16.6.8,11262.847775220871,0,1,0.012546777725219727,"63_l1_adj_reg=0.0003,l2_adj_reg=0.0048,learning_rate=0.0041,priority_reg=0.0014,shift=0.0182,temperature=0.0010",0.3,False,64,2000,False,0.004085131389687964,0.00025623070366192536,0.004752563787340783,0.0014162481720460288,,0.45,0.0009922254333152554,0.01815899984548879,False,cosine,False
0459b_00064,3.2939999999999996,1647.0,0.7285,0.42305436104064353,0.5769456389593565,0.6420808964472823,0.993412,0.004451612903225821,0.0,0.9059979637096773,2135.8394874920004,28.74100112915039,0.757682204246521,0.5543646812438965,2.0,500.0,1000.0,0.3,0.0,64.0,2000.0,0.0,0.005486353901562745,0.0009638555057080481,0.0010308524529666619,0.0023036985173149754,0.45,0.0008005725520652152,0.008889361033922613,0.0,0.0,10636.616174221039,True,,,1,3b04fe5c7cc146348a1440be21e613fe,2023-05-13_16-55-11,1683989711,10636.616174221039,455646,c08,172.16.6.8,10636.616174221039,0,1,0.010418176651000977,"64_l1_adj_reg=0.0010,l2_adj_reg=0.0010,learning_rate=0.0055,priority_reg=0.0023,shift=0.0089,temperature=0.0008",0.3,False,64,2000,False,0.005486353901562745,0.0009638555057080481,0.0010308524529666619,0.0023036985173149754,,0.45,0.0008005725520652151,0.008889361033922613,False,cosine,False
0459b_00065,4.257600000000001,2128.8,0.7924999999999999,0.5162681232930101,0.4837318767069899,0.6000336517461802,0.9914847999999999,0.006910483870967754,0.0,0.9134222391129034,2091.6326229198007,17.629413604736328,0.525098443031311,0.38032642006874084,2.0,500.0,1000.0,0.3,0.0,64.0,2000.0,0.0,0.0020272439009862133,0.0004519318059727019,0.0012176611053384598,0.002099239422088205,0.45,0.0006477501649341851,0.019015470505749765,0.0,0.0,10411.102475881577,True,,,1,5bfb92c7aa9d4416b3ed2c92cd8672fa,2023-05-13_16-51-42,1683989502,10411.102475881577,454431,c08,172.16.6.8,10411.102475881577,0,1,0.005281925201416016,"65_l1_adj_reg=0.0005,l2_adj_reg=0.0012,learning_rate=0.0020,priority_reg=0.0021,shift=0.0190,temperature=0.0006",0.3,False,64,2000,False,0.0020272439009862133,0.0004519318059727019,0.0012176611053384598,0.002099239422088205,,0.45,0.0006477501649341851,0.019015470505749765,False,cosine,False
0459b_00066,3.9223999999999997,1961.2,0.9071999999999999,0.49104086546522197,0.508959134534778,0.6509856278384571,0.9921552,0.007159677419354837,0.0,0.9768496495967742,2252.899651486,11.02256965637207,0.23092663288116455,0.22278694808483124,2.0,500.0,1000.0,0.3,0.0,64.0,2000.0,0.0,0.0020815181596688936,0.00012891011921736738,0.002864213331203639,0.002390159866021297,0.45,0.0008634011644597581,0.006444217257836846,0.0,0.0,11217.80422258377,True,,,1,62c583397e884133bbc928bb73a3ebee,2023-05-13_17-05-52,1683990352,11217.80422258377,456583,c08,172.16.6.8,11217.80422258377,0,1,0.015592098236083984,"66_l1_adj_reg=0.0001,l2_adj_reg=0.0029,learning_rate=0.0021,priority_reg=0.0024,shift=0.0064,temperature=0.0009",0.3,False,64,2000,False,0.0020815181596688936,0.00012891011921736738,0.002864213331203639,0.002390159866021297,,0.45,0.0008634011644597581,0.006444217257836846,False,cosine,False
0459b_00067,3.7864000000000004,1893.2,0.8543000000000001,0.4393625629655203,0.5606374370344798,0.668755966681158,0.9924272000000001,0.006458870967741915,0.0,0.9482055832661291,2091.4712123185996,19.041393280029297,0.5282097458839417,0.41622036695480347,2.0,500.0,1000.0,0.3,0.0,64.0,2000.0,0.0,0.0060591867324838195,0.00039123660265486014,0.0013085501163375023,0.0028467211000433213,0.45,0.0007389070538349427,0.018483198024538395,0.0,0.0,10402.356576442719,True,,,1,a97cb7dbcbd5444687c2f8ed7ddc221d,2023-05-13_16-52-48,1683989568,10402.356576442719,454427,c08,172.16.6.8,10402.356576442719,0,1,0.005295276641845703,"67_l1_adj_reg=0.0004,l2_adj_reg=0.0013,learning_rate=0.0061,priority_reg=0.0028,shift=0.0185,temperature=0.0007",0.3,False,64,2000,False,0.0060591867324838195,0.00039123660265486014,0.0013085501163375023,0.0028467211000433213,,0.45,0.0007389070538349427,0.018483198024538395,False,cosine,False
0459b_00068,3.9240000000000004,1962.0,0.8846,0.44975293543189626,0.5502470645681037,0.6676892417615443,0.9921520000000001,0.006980645161290333,0.0,0.9573918108870968,2069.2210353197993,20.956186294555664,0.530448853969574,0.44191065430641174,2.0,500.0,1000.0,0.3,0.0,64.0,2000.0,0.0,0.006741750039847188,0.0002741735785916134,0.003496911240823806,0.0010198782861394428,0.45,0.0008947164409528815,0.017560142527350088,0.0,0.0,10299.120695352554,True,,,1,015dbc34b8e241c88ffe8206a07a7da5,2023-05-13_16-52-28,1683989548,10299.120695352554,454429,c08,172.16.6.8,10299.120695352554,0,1,0.005017280578613281,"68_l1_adj_reg=0.0003,l2_adj_reg=0.0035,learning_rate=0.0067,priority_reg=0.0010,shift=0.0176,temperature=0.0009",0.3,False,64,2000,False,0.006741750039847188,0.0002741735785916134,0.003496911240823806,0.0010198782861394428,,0.45,0.0008947164409528813,0.017560142527350088,False,cosine,False
0459b_00069,4.158799999999999,2079.4,0.8651,0.4785328485949892,0.5214671514050108,0.642786838252789,0.9916824,0.007296774193548417,0.0,0.9533414469758064,2040.8231839035998,21.27048110961914,0.4973204731941223,0.4379664957523346,2.0,500.0,1000.0,0.3,0.0,64.0,2000.0,0.0,0.006494093751529028,0.00028867762553116266,0.004594983449553298,0.0020761755977246423,0.45,0.0007836941462562516,0.01321241401227639,0.0,0.0,10153.945600748062,True,,,1,80de9371ee5a463688afd1b2bd7d7868,2023-05-13_16-50-25,1683989425,10153.945600748062,454433,c08,172.16.6.8,10153.945600748062,0,1,0.005678415298461914,"69_l1_adj_reg=0.0003,l2_adj_reg=0.0046,learning_rate=0.0065,priority_reg=0.0021,shift=0.0132,temperature=0.0008",0.3,False,64,2000,False,0.006494093751529028,0.00028867762553116266,0.004594983449553298,0.0020761755977246423,,0.45,0.0007836941462562516,0.01321241401227639,False,cosine,False
0459b_00070,3.9344,1967.2,0.7613,0.4940247253080251,0.5059752746919749,0.6077978817002163,0.9921312,0.006007258064516119,0.0,0.9048248298387097,2248.5393949564,25.682109832763672,0.8149155378341675,0.5888010263442993,2.0,500.0,1000.0,0.3,0.0,64.0,2000.0,0.0,0.003311406255632314,0.0008060048536728615,0.002779702636552752,0.0012120582078661262,0.45,0.0007077228871077166,0.013935444351928889,0.0,0.0,11188.861454725266,True,,,1,8aac56ee1092417b8e25fb281ab2c68f,2023-05-13_17-08-03,1683990483,11188.861454725266,455133,c08,172.16.6.8,11188.861454725266,0,1,0.008078813552856445,"70_l1_adj_reg=0.0008,l2_adj_reg=0.0028,learning_rate=0.0033,priority_reg=0.0012,shift=0.0139,temperature=0.0007",0.3,False,64,2000,False,0.0033114062556323137,0.0008060048536728615,0.002779702636552752,0.0012120582078661262,,0.45,0.0007077228871077166,0.013935444351928887,False,cosine,False
0459b_00071,4.3316,2165.8,0.7638999999999999,0.5084974559075917,0.49150254409240846,0.5945971165501687,0.9913368,0.006829032258064504,0.0,0.912710223185484,2101.1038456704,20.60232162475586,0.6361650228500366,0.46335306763648987,2.0,500.0,1000.0,0.3,0.0,64.0,2000.0,0.0,0.0021492354281146334,0.0005876858463359026,0.0015422805306671576,0.0010703980559198627,0.45,0.0005071967331111481,0.007203193547789264,0.0,0.0,10453.877159357071,True,,,1,b6e0b248357f435abd27f93a1da8b753,2023-05-13_16-57-36,1683989856,10453.877159357071,454690,c08,172.16.6.8,10453.877159357071,0,1,0.0064373016357421875,"71_l1_adj_reg=0.0006,l2_adj_reg=0.0015,learning_rate=0.0021,priority_reg=0.0011,shift=0.0072,temperature=0.0005",0.3,False,64,2000,False,0.0021492354281146334,0.0005876858463359026,0.0015422805306671576,0.0010703980559198627,,0.45,0.0005071967331111481,0.007203193547789264,False,cosine,False
0459b_00072,5.8984000000000005,2949.2,0.8342,0.557095927179294,0.442904072820706,0.5683892686565827,0.9882031999999998,0.010554838709677394,0.0,0.9525165237903227,2206.5983721977996,10.375656127929688,0.2555592656135559,0.21129028499126434,2.0,500.0,1000.0,0.3,0.0,64.0,2000.0,0.0,0.001172449806181618,0.00019482427046780187,0.004587148696444422,0.001380466975543763,0.45,0.0009838596755416425,0.006393199384879954,0.0,0.0,10981.10451579094,True,,,1,e08f9d367bcb47c5a9ff57329dd9ba02,2023-05-13_17-06-59,1683990419,10981.10451579094,457008,c08,172.16.6.8,10981.10451579094,0,1,0.014190912246704102,"72_l1_adj_reg=0.0002,l2_adj_reg=0.0046,learning_rate=0.0012,priority_reg=0.0014,shift=0.0064,temperature=0.0010",0.3,False,64,2000,False,0.001172449806181618,0.00019482427046780187,0.004587148696444422,0.001380466975543763,,0.45,0.0009838596755416425,0.006393199384879954,False,cosine,False
0459b_00073,3.8756,1937.8,0.7582000000000001,0.48684495150528556,0.5131550484947145,0.6113620657944756,0.9922487999999999,0.005863709677419338,0.0,0.9080410822580645,2083.1395719786005,19.704532623291016,0.554951012134552,0.40530842542648315,2.0,500.0,1000.0,0.3,0.0,64.0,2000.0,0.0,0.0022910827263107575,0.000645609221517216,0.0018213472829323968,0.0019688313395467903,0.45,0.0007586422566447583,0.007739154822231227,0.0,0.0,10355.851779460907,True,,,1,90632b70fbfd4c1d81185d7bd66d1aeb,2023-05-13_16-57-35,1683989855,10355.851779460907,454364,c08,172.16.6.8,10355.851779460907,0,1,0.005759716033935547,"73_l1_adj_reg=0.0006,l2_adj_reg=0.0018,learning_rate=0.0023,priority_reg=0.0020,shift=0.0077,temperature=0.0008",0.3,False,64,2000,False,0.0022910827263107575,0.000645609221517216,0.001821347282932397,0.0019688313395467903,,0.45,0.0007586422566447583,0.007739154822231227,False,cosine,False
0459b_00074,5.6408000000000005,2820.4,0.8669,0.5538571594229946,0.4461428405770054,0.5794122535778417,0.9887184,0.010299193548387087,0.0,0.9408760562499999,2031.9502844086007,17.75377082824707,0.506636381149292,0.4476703703403473,2.0,500.0,1000.0,0.3,0.0,64.0,2000.0,0.0,0.007956022236404466,0.00011302823870198591,0.0015696841620549736,0.0018883432972751051,0.45,0.00056048240174487,0.013524227824601637,0.0,0.0,10103.342710733414,True,,,1,7808399dee7a4497aef3f9a4c8d6e890,2023-05-13_16-53-42,1683989622,10103.342710733414,454695,c08,172.16.6.8,10103.342710733414,0,1,0.006456851959228516,"74_l1_adj_reg=0.0001,l2_adj_reg=0.0016,learning_rate=0.0080,priority_reg=0.0019,shift=0.0135,temperature=0.0006",0.3,False,64,2000,False,0.007956022236404466,0.0001130282387019859,0.0015696841620549736,0.0018883432972751051,,0.45,0.00056048240174487,0.013524227824601637,False,cosine,False
0459b_00075,3.0564,1528.2,0.8351000000000001,0.4137454156759371,0.586254584324063,0.6880129784558469,0.9938872,0.004832258064516104,0.0,0.9409576635080645,2189.3268592455997,25.16613006591797,0.6696662902832031,0.5012298226356506,2.0,500.0,1000.0,0.3,0.0,64.0,2000.0,0.0,0.005051494988777304,0.0004775462343725782,0.0032932842757677954,0.0015306821480289476,0.45,0.0009754320829744622,0.012166643595225268,0.0,0.0,10884.142262935638,True,,,1,3dfb30783e76402ea7aff9e79dc37d0f,2023-05-13_17-09-23,1683990563,10884.142262935638,457364,c08,172.16.6.8,10884.142262935638,0,1,0.01819300651550293,"75_l1_adj_reg=0.0005,l2_adj_reg=0.0033,learning_rate=0.0051,priority_reg=0.0015,shift=0.0122,temperature=0.0010",0.3,False,64,2000,False,0.005051494988777304,0.0004775462343725781,0.0032932842757677954,0.0015306821480289476,,0.45,0.0009754320829744623,0.012166643595225268,False,cosine,False
0459b_00076,3.3556,1677.8,0.8343999999999999,0.4402181015062438,0.5597818984937561,0.6687479175540613,0.9932888,0.005429838709677415,0.0,0.9398521131048387,2171.1917705667997,23.327491760253906,0.6152411699295044,0.5045880079269409,2.0,500.0,1000.0,0.3,0.0,64.0,2000.0,0.0,0.007129468324650103,0.0005384910346848124,0.0015794083780129523,0.0029395742158194473,0.45,0.0005540389335802113,0.012721162993439417,0.0,0.0,10794.231357336044,True,,,1,6353006e7caf49b5a6b61dc6c5d2b804,2023-05-13_17-08-21,1683990501,10794.231357336044,457093,c08,172.16.6.8,10794.231357336044,0,1,0.019771575927734375,"76_l1_adj_reg=0.0005,l2_adj_reg=0.0016,learning_rate=0.0071,priority_reg=0.0029,shift=0.0127,temperature=0.0006",0.3,False,64,2000,False,0.007129468324650103,0.0005384910346848124,0.0015794083780129523,0.0029395742158194473,,0.45,0.0005540389335802113,0.012721162993439415,False,cosine,False
0459b_00077,3.4484000000000004,1724.2,0.8064,0.43330314639963896,0.5666968536003609,0.6616269658839171,0.9931031999999999,0.005391129032258068,0.0,0.9347210951612904,2147.6839208506003,25.14913558959961,0.6815849542617798,0.5027046203613281,2.0,500.0,1000.0,0.3,0.0,64.0,2000.0,0.0,0.005076574723315543,0.0005685018301182547,0.00298043158755516,0.0019524775350571663,0.45,0.00088976931266701,0.01225226473118212,0.0,0.0,10678.25230383873,True,,,1,48f30f55dfdf41f180f51eb6e64797e9,2023-05-13_17-07-34,1683990454,10678.25230383873,457160,c08,172.16.6.8,10678.25230383873,0,1,0.017010927200317383,"77_l1_adj_reg=0.0006,l2_adj_reg=0.0030,learning_rate=0.0051,priority_reg=0.0020,shift=0.0123,temperature=0.0009",0.3,False,64,2000,False,0.005076574723315543,0.0005685018301182547,0.00298043158755516,0.0019524775350571663,,0.45,0.0008897693126670099,0.01225226473118212,False,cosine,False
0459b_00078,3.6908000000000003,1845.4,0.8992000000000001,0.4417614380231697,0.5582385619768302,0.6810727498329605,0.9926183999999999,0.006628225806451593,0.0,0.9689240572580646,2022.6606715421997,9.794244766235352,0.23596341907978058,0.20001991093158722,2.0,500.0,1000.0,0.3,0.0,64.0,2000.0,0.0,0.001633575930398285,0.0001630668077593925,0.0029788210832809156,0.0026982458616153673,0.45,0.0009462703261178777,0.014003196029062021,0.0,0.0,10060.597222566605,True,,,1,d55c715d948249858707d09d994944b5,2023-05-13_16-58-26,1683989906,10060.597222566605,455068,c08,172.16.6.8,10060.597222566605,0,1,0.008581399917602539,"78_l1_adj_reg=0.0002,l2_adj_reg=0.0030,learning_rate=0.0016,priority_reg=0.0027,shift=0.0140,temperature=0.0009",0.3,False,64,2000,False,0.001633575930398285,0.0001630668077593925,0.0029788210832809156,0.0026982458616153673,,0.45,0.0009462703261178777,0.014003196029062021,False,cosine,False
0459b_00079,2.832,1416.0,0.9355,0.4041576350642907,0.5958423649357093,0.7271200725744599,0.994336,0.005189516129032246,0.0,0.979286443951613,2128.939354323,11.397854804992676,0.2639079689979553,0.2382427155971527,2.0,500.0,1000.0,0.3,0.0,64.0,2000.0,0.0,0.0022293201963527335,0.00012158696629358128,0.0026415238966761324,0.0012672354104758564,0.45,0.0007888606865758942,0.019074142599440718,0.0,0.0,10586.373526334763,True,,,1,23925ffdc29944cfbfe4a3c4d125c9f6,2023-05-13_17-07-19,1683990439,10586.373526334763,457429,c08,172.16.6.8,10586.373526334763,0,1,0.01737213134765625,"79_l1_adj_reg=0.0001,l2_adj_reg=0.0026,learning_rate=0.0022,priority_reg=0.0013,shift=0.0191,temperature=0.0008",0.3,False,64,2000,False,0.0022293201963527335,0.0001215869662935813,0.0026415238966761324,0.0012672354104758564,,0.45,0.0007888606865758941,0.019074142599440718,False,cosine,False
0459b_00080,2.44,1220.0,0.8117000000000001,0.3338655852464152,0.6661344147535848,0.7300341717797643,0.99512,0.0034008064516129143,0.0,0.9407028403225807,2032.1098883841998,26.980960845947266,0.7138464450836182,0.56541508436203,2.0,500.0,1000.0,0.3,0.0,64.0,2000.0,0.0,0.008485254011272425,0.0007343674685871687,0.0038628226996661524,0.0023983764391057294,0.45,0.0009290551387860556,0.007365074876139846,0.0,0.0,10097.316980600357,True,,,1,0bf884809f124de2997683a6ecded6db,2023-05-13_16-59-36,1683989976,10097.316980600357,455906,c08,172.16.6.8,10097.316980600357,0,1,0.011844158172607422,"80_l1_adj_reg=0.0007,l2_adj_reg=0.0039,learning_rate=0.0085,priority_reg=0.0024,shift=0.0074,temperature=0.0009",0.3,False,64,2000,False,0.008485254011272425,0.0007343674685871687,0.003862822699666153,0.0023983764391057294,,0.45,0.0009290551387860556,0.0073650748761398465,False,cosine,False
0459b_00081,4.8244,2412.2,0.9019,0.5275695689635357,0.4724304310364643,0.6146071421386589,0.9903511999999999,0.008935483870967742,0.0,0.9693416215725806,2136.8648816620002,12.581050872802734,0.26827096939086914,0.2341233193874359,2.0,500.0,1000.0,0.3,0.0,64.0,2000.0,0.0,0.0023953076082355953,0.00013615514346823444,0.002597689606034643,0.001998815270236223,0.45,0.000705167042386907,0.019835988068657127,0.0,0.0,10624.549580097198,True,,,1,a516c7839888494c88417fcd57fbadf0,2023-05-13_17-08-48,1683990528,10624.549580097198,456941,c08,172.16.6.8,10624.549580097198,0,1,0.02248668670654297,"81_l1_adj_reg=0.0001,l2_adj_reg=0.0026,learning_rate=0.0024,priority_reg=0.0020,shift=0.0198,temperature=0.0007",0.3,False,64,2000,False,0.0023953076082355953,0.00013615514346823444,0.002597689606034643,0.001998815270236223,,0.45,0.000705167042386907,0.019835988068657127,False,cosine,False
0459b_00082,3.0924,1546.2,0.8684,0.41536653080288105,0.5846334691971189,0.6963289358797133,0.9938152,0.005173387096774196,0.0,0.9503397020161289,2117.8271959682006,27.152416229248047,0.6910374760627747,0.61313396692276,2.0,500.0,1000.0,0.3,0.0,64.0,2000.0,0.0,0.009542216390986999,0.0003847201180605563,0.0015207832232652814,0.0011149344244478147,0.45,0.000630332117208416,0.005236399671139979,0.0,0.0,10527.607493162155,True,,,1,77fbbcffef1e42d6857000c45d3bf308,2023-05-13_17-08-41,1683990521,10527.607493162155,457700,c08,172.16.6.8,10527.607493162155,0,1,0.024992942810058594,"82_l1_adj_reg=0.0004,l2_adj_reg=0.0015,learning_rate=0.0095,priority_reg=0.0011,shift=0.0052,temperature=0.0006",0.3,False,64,2000,False,0.009542216390986999,0.0003847201180605563,0.0015207832232652814,0.0011149344244478147,,0.45,0.000630332117208416,0.005236399671139979,False,cosine,False
0459b_00083,3.7512,1875.6,0.7609999999999999,0.46357578191590887,0.5364242180840911,0.6262135138232284,0.9924976000000001,0.005635483870967728,0.0,0.9174805897177419,2018.9890667839998,14.499025344848633,0.43060755729675293,0.32306450605392456,2.0,500.0,1000.0,0.3,0.0,64.0,2000.0,0.0,0.0011884481388993076,0.0005377773378767472,0.0011132654721093304,0.001974018193332372,0.45,0.0008473323271052661,0.0052181129251305585,0.0,0.0,10031.80399775505,True,,,1,144ad7230aa849b18fc3c49dcb6a7824,2023-05-13_17-01-31,1683990091,10031.80399775505,455712,c08,172.16.6.8,10031.80399775505,0,1,0.015577554702758789,"83_l1_adj_reg=0.0005,l2_adj_reg=0.0011,learning_rate=0.0012,priority_reg=0.0020,shift=0.0052,temperature=0.0008",0.3,False,64,2000,False,0.0011884481388993076,0.0005377773378767472,0.0011132654721093304,0.001974018193332372,,0.45,0.0008473323271052662,0.0052181129251305585,False,cosine,False
0459b_00084,3.5004,1750.2,0.787,0.4565182082606441,0.543481791739356,0.6428694160310127,0.9929992000000001,0.0053395161290322735,0.0,0.9176220915322582,2028.4109487334001,24.326656341552734,0.712169885635376,0.525964081287384,2.0,500.0,1000.0,0.3,0.0,64.0,2000.0,0.0,0.0032026795048556113,0.0006170768958900644,0.004345786601348753,0.0010342055741600048,0.45,0.0006646630136287131,0.012647614229721101,0.0,0.0,10081.316272258759,True,,,1,f44c707cbbbf4a64a0dc0cda8066f018,2023-05-13_17-03-21,1683990201,10081.316272258759,456878,c08,172.16.6.8,10081.316272258759,0,1,0.022829532623291016,"84_l1_adj_reg=0.0006,l2_adj_reg=0.0043,learning_rate=0.0032,priority_reg=0.0010,shift=0.0126,temperature=0.0007",0.3,False,64,2000,False,0.0032026795048556117,0.0006170768958900644,0.004345786601348753,0.0010342055741600048,,0.45,0.0006646630136287131,0.012647614229721103,False,cosine,False
0459b_00085,3.8448,1922.4,0.7516,0.4848889942898868,0.5151110057101131,0.6109087823751318,0.9923104,0.005748387096774188,0.0,0.8998288995967743,2097.598970221,18.385143280029297,0.5334516763687134,0.3870125412940979,2.0,500.0,1000.0,0.3,0.0,64.0,2000.0,0.0,0.0019669596204556134,0.0006273296543666734,0.0014108115700311777,0.0025869702143946384,0.45,0.0006725323852276801,0.015749151241217712,0.0,0.0,10423.493946552277,True,,,1,413378049d89459e9fa840baf5c6f93b,2023-05-13_17-09-55,1683990595,10423.493946552277,454284,c08,172.16.6.8,10423.493946552277,0,1,0.005299091339111328,"85_l1_adj_reg=0.0006,l2_adj_reg=0.0014,learning_rate=0.0020,priority_reg=0.0026,shift=0.0157,temperature=0.0007",0.3,False,64,2000,False,0.0019669596204556134,0.0006273296543666734,0.0014108115700311777,0.0025869702143946384,,0.45,0.0006725323852276801,0.015749151241217712,False,cosine,False
0459b_00086,4.362399999999999,2181.2,0.6993,0.5274914936483182,0.47250850635168185,0.5633000883597894,0.9912752000000001,0.006370161290322573,0.0,0.8847503913306453,1981.0153190155997,22.36212158203125,0.6768470406532288,0.5021425485610962,2.0,500.0,1000.0,0.3,0.0,64.0,2000.0,0.0,0.002298383918376211,0.0009477841846623743,0.0028521573269724198,0.0013799816176769157,0.45,0.0007129280566892622,0.014261542126683489,0.0,0.0,9846.89489197731,True,,,1,736b499ca07143b4870c49605d7b7e14,2023-05-13_17-01-05,1683990065,9846.89489197731,456248,c08,172.16.6.8,9846.89489197731,0,1,0.01708078384399414,"86_l1_adj_reg=0.0009,l2_adj_reg=0.0029,learning_rate=0.0023,priority_reg=0.0014,shift=0.0143,temperature=0.0007",0.3,False,64,2000,False,0.002298383918376211,0.0009477841846623743,0.0028521573269724198,0.0013799816176769157,,0.45,0.0007129280566892622,0.014261542126683487,False,cosine,False
0459b_00087,3.708800000000001,1854.4,0.7702,0.46419485368433894,0.535805146315661,0.6295310425011315,0.9925823999999999,0.005624193548387102,0.0,0.9125051961693549,1983.5465620342002,14.314065933227539,0.42767009139060974,0.32249704003334045,2.0,500.0,1000.0,0.3,0.0,64.0,2000.0,0.0,0.0011660877223898401,0.0005007676248852948,0.003300220625260717,0.0015318777321397645,0.45,0.0006851032559573916,0.01296304139527191,0.0,0.0,9858.227767467499,True,,,1,2840f814a437403381a9aa3ab7e7083b,2023-05-13_17-01-46,1683990106,9858.227767467499,455325,c08,172.16.6.8,9858.227767467499,0,1,0.009131431579589844,"87_l1_adj_reg=0.0005,l2_adj_reg=0.0033,learning_rate=0.0012,priority_reg=0.0015,shift=0.0130,temperature=0.0007",0.3,False,64,2000,False,0.0011660877223898401,0.0005007676248852948,0.0033002206252607173,0.0015318777321397645,,0.45,0.0006851032559573916,0.01296304139527191,False,cosine,False
0459b_00088,3.3868,1693.4,0.8704000000000001,0.42737020270093024,0.5726297972990697,0.6848681831406164,0.9932264,0.005783064516129044,0.0,0.9553845211693549,2031.5339989134002,25.086328506469727,0.5797172784805298,0.5107098817825317,2.0,500.0,1000.0,0.3,0.0,64.0,2000.0,0.0,0.007653016328881913,0.0003853823331822072,0.0010951000435735448,0.001278592443578546,0.45,0.000799730153345792,0.006836801732792178,0.0,0.0,10097.014723539352,True,,,1,12f3a8f1b07f4a5a94d07e2304d9d131,2023-05-13_17-05-50,1683990350,10097.014723539352,454697,c08,172.16.6.8,10097.014723539352,0,1,0.0061686038970947266,"88_l1_adj_reg=0.0004,l2_adj_reg=0.0011,learning_rate=0.0077,priority_reg=0.0013,shift=0.0068,temperature=0.0008",0.3,False,64,2000,False,0.007653016328881913,0.0003853823331822072,0.0010951000435735448,0.001278592443578546,,0.45,0.000799730153345792,0.006836801732792178,False,cosine,False
0459b_00089,2.906,1453.0,0.8539,0.38234563975890373,0.6176543602410963,0.7122447878148984,0.994188,0.00468064516129032,0.0,0.9458631366935485,2059.1448657474007,22.325986862182617,0.629475474357605,0.47431379556655884,2.0,500.0,1000.0,0.3,0.0,64.0,2000.0,0.0,0.004435368281212718,0.00041353905949099225,0.002343935683855167,0.0016032656066613817,0.45,0.0005856756167318541,0.005534352361567509,0.0,0.0,10229.537218093872,True,,,1,d93a5d8f5748451583d6281cd7c316b3,2023-05-13_17-10-00,1683990600,10229.537218093872,456650,c08,172.16.6.8,10229.537218093872,0,1,0.01512598991394043,"89_l1_adj_reg=0.0004,l2_adj_reg=0.0023,learning_rate=0.0044,priority_reg=0.0016,shift=0.0055,temperature=0.0006",0.3,False,64,2000,False,0.004435368281212718,0.00041353905949099225,0.002343935683855167,0.001603265606661382,,0.45,0.0005856756167318541,0.005534352361567509,False,cosine,False
0459b_00090,3.2388000000000003,1619.4,0.8126999999999999,0.43212816004649024,0.5678718399535096,0.6681242515609276,0.9935224,0.005019354838709656,0.0,0.9277873022177421,2060.114538286801,17.594669342041016,0.5107731819152832,0.37020570039749146,2.0,500.0,1000.0,0.3,0.0,64.0,2000.0,0.0,0.002509876325339544,0.0004894063599629285,0.004713320433407855,0.0029113963131167328,0.45,0.0009974797523349165,0.013317309622860499,0.0,0.0,10236.394986867905,True,,,1,563d651a722545ceb86ee8ab3f636877,2023-05-13_17-10-22,1683990622,10236.394986867905,457495,c08,172.16.6.8,10236.394986867905,0,1,0.020974159240722656,"90_l1_adj_reg=0.0005,l2_adj_reg=0.0047,learning_rate=0.0025,priority_reg=0.0029,shift=0.0133,temperature=0.0010",0.3,False,64,2000,False,0.002509876325339544,0.0004894063599629285,0.004713320433407855,0.0029113963131167328,,0.45,0.0009974797523349165,0.013317309622860499,False,cosine,False
0459b_00091,3.7472000000000003,1873.6,0.9163,0.47816078773297194,0.5218392122670281,0.6639933550535582,0.9925056,0.006879838709677432,0.0,0.976780208669355,2026.202342561,8.366193771362305,0.17192432284355164,0.16343125700950623,2.0,500.0,1000.0,0.3,0.0,64.0,2000.0,0.0,0.001342730732817157,0.00012716799453106465,0.002577261543599049,0.0022060817379852657,0.45,0.0005896638041018795,0.008204409991595232,0.0,0.0,10066.008825540543,True,,,1,421fdb807868499db5d8755df13a5214,2023-05-13_17-09-48,1683990588,10066.008825540543,457298,c08,172.16.6.8,10066.008825540543,0,1,0.018521785736083984,"91_l1_adj_reg=0.0001,l2_adj_reg=0.0026,learning_rate=0.0013,priority_reg=0.0022,shift=0.0082,temperature=0.0006",0.3,False,64,2000,False,0.001342730732817157,0.00012716799453106465,0.002577261543599049,0.0022060817379852657,,0.45,0.0005896638041018795,0.008204409991595232,False,cosine,False
0459b_00092,3.4512,1725.6,0.8558999999999999,0.43959207684152146,0.5604079231584785,0.6732656308868439,0.9930975999999999,0.005795967741935493,0.0,0.9474346745967741,2007.6269574239996,24.231191635131836,0.599695086479187,0.4647497236728668,2.0,500.0,1000.0,0.3,0.0,64.0,2000.0,0.0,0.004955412774590485,0.0003866082335511321,0.0020403950361625395,0.0011719356514279535,0.45,0.0007289402108408863,0.008596719155034559,0.0,0.0,9970.42609000206,True,,,1,0260439014db410dbef09eac1dfe6941,2023-05-13_17-09-21,1683990561,9970.42609000206,457231,c08,172.16.6.8,9970.42609000206,0,1,0.020251989364624023,"92_l1_adj_reg=0.0004,l2_adj_reg=0.0020,learning_rate=0.0050,priority_reg=0.0012,shift=0.0086,temperature=0.0007",0.3,False,64,2000,False,0.004955412774590485,0.0003866082335511321,0.0020403950361625395,0.0011719356514279535,,0.45,0.0007289402108408863,0.008596719155034559,False,cosine,False
0459b_00093,4.7464,2373.2,0.8829999999999998,0.5458772641957317,0.45412273580426826,0.5992626593930639,0.9905072,0.008625806451612905,0.0,0.9506306864919354,1902.0544882034003,19.292152404785156,0.46459484100341797,0.426199734210968,2.0,500.0,1000.0,0.3,0.0,64.0,2000.0,0.0,0.007156298671490828,0.00014146336726008043,0.0013705654300595856,0.002832906366849421,0.45,0.0009331787671603041,0.014605289455004142,0.0,0.0,9446.656563043594,True,,,1,b1185d5a411747fa9ed18fd2afb27438,2023-05-13_17-01-12,1683990072,9446.656563043594,456052,c08,172.16.6.8,9446.656563043594,0,1,0.012100458145141602,"93_l1_adj_reg=0.0001,l2_adj_reg=0.0014,learning_rate=0.0072,priority_reg=0.0028,shift=0.0146,temperature=0.0009",0.3,False,64,2000,False,0.0071562986714908275,0.00014146336726008043,0.0013705654300595856,0.002832906366849421,,0.45,0.0009331787671603041,0.014605289455004142,False,cosine,False
0459b_00094,4.0112000000000005,2005.6,0.7425999999999999,0.4952713293031216,0.5047286706968783,0.5994537572855799,0.9919775999999999,0.006011290322580654,0.0,0.9024880600806451,1916.4326647618004,14.058660507202148,0.40855488181114197,0.31217160820961,2.0,500.0,1000.0,0.3,0.0,64.0,2000.0,0.0,0.0010215602256071169,0.0006338788304285488,0.0031957277952083746,0.0019858953736539794,0.45,0.0008542367469474555,0.017989507717841614,0.0,0.0,9519.887866735458,True,,,1,9c9181593b3a4e9d938a4172060e944c,2023-05-13_17-03-31,1683990211,9519.887866735458,457634,c08,172.16.6.8,9519.887866735458,0,1,0.02560257911682129,"94_l1_adj_reg=0.0006,l2_adj_reg=0.0032,learning_rate=0.0010,priority_reg=0.0020,shift=0.0180,temperature=0.0009",0.3,False,64,2000,False,0.0010215602256071169,0.0006338788304285488,0.003195727795208374,0.0019858953736539794,,0.45,0.0008542367469474556,0.017989507717841614,False,cosine,False
0459b_00095,3.9707999999999997,1985.4,0.8101,0.49056345146194086,0.5094365485380592,0.6238545578928634,0.9920584,0.0064741935483870975,0.0,0.9249319324596774,1898.0465092004004,16.19610595703125,0.45890873670578003,0.3380511999130249,2.0,500.0,1000.0,0.3,0.0,64.0,2000.0,0.0,0.0021356858221666733,0.0004510902592148794,0.00132587926053801,0.002755221380069169,0.45,0.000509160424078336,0.008048311857372143,0.0,0.0,9430.547684192657,True,,,1,98059b4325594eec9394b685b6dabbb2,2023-05-13_17-02-42,1683990162,9430.547684192657,455580,c08,172.16.6.8,9430.547684192657,0,1,0.010457515716552734,"95_l1_adj_reg=0.0005,l2_adj_reg=0.0013,learning_rate=0.0021,priority_reg=0.0028,shift=0.0080,temperature=0.0005",0.3,False,64,2000,False,0.0021356858221666733,0.0004510902592148794,0.00132587926053801,0.002755221380069169,,0.45,0.000509160424078336,0.008048311857372143,False,cosine,False
0459b_00096,4.1452,2072.6,0.8364,0.49786300550813456,0.5021369944918654,0.6247873086748083,0.9917096000000001,0.007037903225806464,0.0,0.9403550794354839,1885.3405880919995,11.117013931274414,0.2983567714691162,0.22815415263175964,2.0,500.0,1000.0,0.3,0.0,64.0,2000.0,0.0,0.001144077627758128,0.0002574115059919459,0.0012734241772797779,0.0023014333940816075,0.45,0.0008725970844884014,0.011014985398833322,0.0,0.0,9363.87459731102,True,,,1,e6df4c8693dc4f2a91636a92bef9024e,2023-05-13_17-02-16,1683990136,9363.87459731102,456183,c08,172.16.6.8,9363.87459731102,0,1,0.016437530517578125,"96_l1_adj_reg=0.0003,l2_adj_reg=0.0013,learning_rate=0.0011,priority_reg=0.0023,shift=0.0110,temperature=0.0009",0.3,False,64,2000,False,0.001144077627758128,0.0002574115059919459,0.0012734241772797779,0.0023014333940816075,,0.45,0.0008725970844884015,0.011014985398833322,False,cosine,False
0459b_00097,4.4508,2225.4,0.808,0.514101522023806,0.485898477976194,0.6028683336629027,0.9910983999999999,0.007425000000000015,0.0,0.9309105020161288,1884.111494694999,19.33734130859375,0.5228567719459534,0.3849393427371979,2.0,500.0,1000.0,0.3,0.0,64.0,2000.0,0.0,0.0030622830058081763,0.00045830666350705015,0.002138862362488512,0.0024302869888122975,0.45,0.0008024704924241694,0.011739799434312848,0.0,0.0,9359.210825443268,True,,,1,9de6f6097e794be6b17f3c4693eac118,2023-05-13_17-03-15,1683990195,9359.210825443268,456386,c08,172.16.6.8,9359.210825443268,0,1,0.0135345458984375,"97_l1_adj_reg=0.0005,l2_adj_reg=0.0021,learning_rate=0.0031,priority_reg=0.0024,shift=0.0117,temperature=0.0008",0.3,False,64,2000,False,0.0030622830058081763,0.00045830666350705015,0.002138862362488512,0.0024302869888122975,,0.45,0.0008024704924241695,0.011739799434312848,False,cosine,False
0459b_00098,4.8264000000000005,2413.2,0.8273999999999999,0.5398554493946846,0.4601445506053155,0.5876415334835224,0.9903471999999999,0.008338709677419343,0.0,0.940530639516129,1948.6170346997992,13.965127944946289,0.40236401557922363,0.29635539650917053,2.0,500.0,1000.0,0.3,0.0,64.0,2000.0,0.0,0.0014156408407585764,0.00029381768871243,0.002340390888493197,0.001509950125103209,0.45,0.0007842659004805667,0.016752021521808325,0.0,0.0,9674.02554011345,True,,,1,5d72be62bd834099a3b4d5b587e27a20,2023-05-13_17-08-32,1683990512,9674.02554011345,457901,c08,172.16.6.8,9674.02554011345,0,1,0.02233600616455078,"98_l1_adj_reg=0.0003,l2_adj_reg=0.0023,learning_rate=0.0014,priority_reg=0.0015,shift=0.0168,temperature=0.0008",0.3,False,64,2000,False,0.0014156408407585764,0.00029381768871243,0.002340390888493197,0.001509950125103209,,0.45,0.0007842659004805667,0.016752021521808325,False,cosine,False
0459b_00099,3.1247999999999996,1562.4,0.792,0.39825526583067816,0.6017447341693218,0.6791968320549495,0.9937504,0.0046225806451613005,0.0,0.9245448584677419,1886.835092782,26.525066375732422,0.7750574350357056,0.5656549334526062,2.0,500.0,1000.0,0.3,0.0,64.0,2000.0,0.0,0.005606908928303331,0.0006447886587619263,0.001416678672537443,0.0015852303716784998,0.45,0.0006222459719472918,0.007506058531684486,0.0,0.0,9369.661396980286,True,,,1,e105486950c947db822d4ab371ad3beb,2023-05-13_17-03-47,1683990227,9369.661396980286,455972,c08,172.16.6.8,9369.661396980286,0,1,0.013916015625,"99_l1_adj_reg=0.0006,l2_adj_reg=0.0014,learning_rate=0.0056,priority_reg=0.0016,shift=0.0075,temperature=0.0006",0.3,False,64,2000,False,0.005606908928303331,0.0006447886587619263,0.001416678672537443,0.0015852303716784998,,0.45,0.0006222459719472918,0.007506058531684485,False,cosine,False
